requirement_id,epic,module,requirement_title,requirement_description,business_priority,complexity,estimated_story_points,assigned_role,technology,sprint,status,dependency,acceptance_criteria,risk_level,release_version,created_by,created_date
REQ-001,Customer 360 Platform,Customer Management,KYC Document Upload,Allow customers to upload KYC documents for verification,Medium,High,13,Integration Developer,Python,1,Done,None,End-to-end scenario completes successfully across environments,Low,v1.0,Project Manager,2026-01-07
REQ-002,Customer 360 Platform,Customer Management,Customer Consent Management,Capture and store GDPR/consent preferences per customer,Critical,Medium,8,Senior Consultant,Elasticsearch,1,In Progress,REQ-001,No P1/P2 defects open at the time of release,High,v1.0,Client Stakeholder,2026-01-09
REQ-003,Customer 360 Platform,Customer Management,Customer Address Validation,Validate customer address using third-party geocoding service,Medium,Medium,8,Security Analyst,Elasticsearch,1,Done,REQ-001,Feature passes security and access-control review,High,v1.0,Delivery Manager,2026-01-10
REQ-004,Customer 360 Platform,Customer Management,Customer Self-Service Portal - Phase 2,"Enable customers to view order history and manage account settings (extended requirement, cycle 2)",Low,Low,3,DevOps Engineer,REST API,1,Done,REQ-002,End-to-end scenario completes successfully across environments,Low,v1.0,Project Manager,2026-01-11
REQ-005,Customer 360 Platform,Customer Management,Customer Deduplication,Detect and merge duplicate customer records using fuzzy matching,High,Medium,8,Solution Architect,FastAPI,1,Done,REQ-002,All acceptance test scenarios pass with 100% success rate,Medium,v1.0,Product Owner,2026-01-12
REQ-006,Customer 360 Platform,Customer Management,Customer Search & Filter - Phase 2,"Implement multi-parameter customer search with pagination (extended requirement, cycle 2)",Medium,Medium,5,Senior Consultant,RabbitMQ,1,Done,None,Data accuracy validated at 100% against source system,Low,v1.0,Client Stakeholder,2026-01-13
REQ-007,Customer 360 Platform,Customer Management,Customer Account Deactivation,Support soft-delete and reactivation of customer accounts,Medium,Medium,13,Solution Architect,Jenkins,1,Done,REQ-003,Feature passes security and access-control review,Medium,v1.0,Project Manager,2026-01-14
REQ-008,Customer 360 Platform,Customer Management,Customer Deduplication - Phase 2,"Detect and merge duplicate customer records using fuzzy matching (extended requirement, cycle 2)",Critical,Medium,13,Business Analyst,PyTest,1,In Progress,None,Feature passes security and access-control review,Low,v1.0,Project Manager,2026-01-16
REQ-009,Customer 360 Platform,Customer Management,Customer Registration API - Phase 2,"Develop REST API for new customer registration with field-level validation (extended requirement, cycle 2)",Medium,High,13,Project Manager,Kubernetes,1,In Progress,REQ-004,Feature works as specified with no critical defects in UAT,Medium,v1.0,Solution Architect,2026-01-16
REQ-010,Customer 360 Platform,Customer Management,Customer Registration API,Develop REST API for new customer registration with field-level validation,Medium,Medium,5,Database Admin,SendGrid API,1,Done,REQ-007,Feature is accessible and passes WCAG 2.1 AA checks,Low,v1.0,Business Analyst,2026-01-16
REQ-011,Customer 360 Platform,Customer Management,Customer Loyalty Points,Track and redeem loyalty points against orders,Low,Medium,8,Senior Consultant,MySQL,1,In Progress,REQ-007,Feature is accessible and passes WCAG 2.1 AA checks,Medium,v1.0,Business Analyst,2026-01-18
REQ-012,Customer 360 Platform,Customer Management,Customer Blacklist Check,Screen customers against fraud/blacklist databases during onboarding,Low,Low,2,Senior Consultant,Redis,1,To Do,REQ-010,Data accuracy validated at 100% against source system,Medium,v1.0,Delivery Manager,2026-01-19
REQ-013,Customer 360 Platform,Customer Management,Customer Search & Filter,Implement multi-parameter customer search with pagination,Low,High,21,DevOps Engineer,PostgreSQL,2,Blocked,REQ-009,All acceptance test scenarios pass with 100% success rate,Medium,v1.0,Client Stakeholder,2026-01-20
REQ-014,Customer 360 Platform,Customer Management,Customer Feedback Capture - Phase 2,"Collect post-purchase feedback and NPS scores (extended requirement, cycle 2)",Medium,Low,2,Solution Architect,MySQL,2,In Progress,REQ-009,No P1/P2 defects open at the time of release,Low,v1.0,Project Manager,2026-01-20
REQ-015,Customer 360 Platform,Customer Management,Customer Consent Management - Phase 2,"Capture and store GDPR/consent preferences per customer (extended requirement, cycle 2)",High,Medium,8,Senior Consultant,Kubernetes,2,In Progress,None,Feature is accessible and passes WCAG 2.1 AA checks,High,v1.0,Client Stakeholder,2026-01-21
REQ-016,Customer 360 Platform,Customer Management,Customer Profile Update - Phase 2,"Allow customers to update profile details including contact and address (extended requirement, cycle 2)",Critical,Low,2,Project Manager,FastAPI Security,2,In Progress,None,Feature passes security and access-control review,Low,v1.0,Product Owner,2026-01-22
REQ-017,Customer 360 Platform,Customer Management,Customer Profile Update,Allow customers to update profile details including contact and address,High,Medium,8,UX Designer,GraphQL,2,Done,REQ-012,Audit log captures all required fields correctly,High,v1.0,Delivery Manager,2026-01-23
REQ-018,Customer 360 Platform,Customer Management,Customer Segmentation,Segment customers based on purchase behavior and lifetime value,Medium,Medium,5,Senior Consultant,Kubernetes,2,Blocked,None,Feature is accessible and passes WCAG 2.1 AA checks,High,v1.0,Delivery Manager,2026-01-24
REQ-019,Customer 360 Platform,Customer Management,Customer Segmentation - Phase 2,"Segment customers based on purchase behavior and lifetime value (extended requirement, cycle 2)",Medium,High,13,Security Analyst,SAP ERP Connector,2,Done,None,Feature is accessible and passes WCAG 2.1 AA checks,High,v1.0,Product Owner,2026-01-24
REQ-020,Customer 360 Platform,Customer Management,Customer Self-Service Portal,Enable customers to view order history and manage account settings,High,Medium,8,Database Admin,Stripe API,2,In Progress,REQ-018,Business sign-off obtained after UAT walkthrough,High,v1.0,Solution Architect,2026-01-26
REQ-021,Customer 360 Platform,Customer Management,Customer 360 View - Phase 2,"Build a unified customer view aggregating orders, support tickets, and preferences (extended requirement, cycle 2)",Critical,Low,3,Data Engineer,Power BI,2,To Do,REQ-020,Audit log captures all required fields correctly,High,v1.0,Project Manager,2026-01-27
REQ-022,Customer 360 Platform,Customer Management,Customer Loyalty Points - Phase 2,"Track and redeem loyalty points against orders (extended requirement, cycle 2)",High,Low,3,DevOps Engineer,SendGrid API,2,Done,REQ-019,Data accuracy validated at 100% against source system,Medium,v1.0,Business Analyst,2026-01-28
REQ-023,Customer 360 Platform,Customer Management,Customer Feedback Capture,Collect post-purchase feedback and NPS scores,Low,Medium,5,Database Admin,Terraform,2,Done,REQ-019,Audit log captures all required fields correctly,Medium,v1.0,Solution Architect,2026-01-28
REQ-024,Customer 360 Platform,Customer Management,Customer Communication Preferences,"Manage customer opt-in/opt-out preferences for SMS, email, push",High,Low,2,Security Analyst,RabbitMQ,2,To Do,None,Business sign-off obtained after UAT walkthrough,Medium,v1.0,Solution Architect,2026-01-28
REQ-025,Customer 360 Platform,Customer Management,Customer 360 View,"Build a unified customer view aggregating orders, support tickets, and preferences",High,Low,2,DevOps Engineer,Tableau,3,Done,None,Business sign-off obtained after UAT walkthrough,High,v1.1,Solution Architect,2026-01-29
REQ-026,Order-to-Cash Transformation,Order Management,Create Order API,Develop API for placing customer orders with line items,Medium,Medium,8,Product Owner,SendGrid API,3,Done,None,Audit log captures all required fields correctly,High,v1.1,Project Manager,2026-01-30
REQ-027,Order-to-Cash Transformation,Order Management,Order History Export,Allow export of order history to Excel/PDF,Medium,Medium,8,Data Engineer,PyTest,3,Done,None,Feature is accessible and passes WCAG 2.1 AA checks,High,v1.1,Product Owner,2026-01-31
REQ-028,Order-to-Cash Transformation,Order Management,Order Approval Workflow - Phase 2,"Route high-value orders through a manager approval workflow (extended requirement, cycle 2)",Critical,High,21,BI Developer,FastAPI Security,3,Done,None,Response time remains under 2 seconds under expected load,Medium,v1.1,Business Analyst,2026-01-31
REQ-029,Order-to-Cash Transformation,Order Management,Backorder Management,Handle backorders when inventory is insufficient at order time,Low,Medium,13,Security Analyst,FastAPI,3,Done,None,Response time remains under 2 seconds under expected load,Medium,v1.1,Project Manager,2026-02-01
REQ-030,Order-to-Cash Transformation,Order Management,Order History Export - Phase 2,"Allow export of order history to Excel/PDF (extended requirement, cycle 2)",High,Medium,13,Senior Consultant,Jenkins,3,Blocked,None,Business sign-off obtained after UAT walkthrough,High,v1.1,Delivery Manager,2026-02-02
REQ-031,Order-to-Cash Transformation,Order Management,Order Status Tracking - Phase 2,"Provide real-time order status updates to customers (extended requirement, cycle 2)",Low,Low,2,QA Engineer,RabbitMQ,3,Done,REQ-026,All acceptance test scenarios pass with 100% success rate,High,v1.1,Client Stakeholder,2026-02-03
REQ-032,Order-to-Cash Transformation,Order Management,Order Validation Engine,"Validate stock, pricing, and customer eligibility before confirming order",Critical,Medium,5,Python Developer,Azure DevOps,3,Done,REQ-031,End-to-end scenario completes successfully across environments,High,v1.1,Solution Architect,2026-02-04
REQ-033,Order-to-Cash Transformation,Order Management,Order Reconciliation Report,Reconcile orders against payments and shipments nightly,Medium,High,13,Business Analyst,Apache Airflow,3,In Progress,REQ-032,Feature is accessible and passes WCAG 2.1 AA checks,Medium,v1.1,Project Manager,2026-02-04
REQ-034,Order-to-Cash Transformation,Order Management,Order Amendment - Phase 2,"Support quantity and address changes on unshipped orders (extended requirement, cycle 2)",High,Medium,8,Project Manager,FastAPI,3,In Progress,REQ-032,Feature passes security and access-control review,High,v1.1,Project Manager,2026-02-05
REQ-035,Order-to-Cash Transformation,Order Management,Order Cancellation Workflow,Allow customers and agents to cancel orders within policy window,Low,Medium,8,UX Designer,Docker,3,Blocked,None,Data accuracy validated at 100% against source system,Medium,v1.1,Solution Architect,2026-02-05
REQ-036,Order-to-Cash Transformation,Order Management,Bulk Order Upload - Phase 2,"Enable B2B customers to upload bulk orders via CSV/Excel (extended requirement, cycle 2)",High,Medium,13,Project Manager,RabbitMQ,3,Done,None,Business sign-off obtained after UAT walkthrough,Low,v1.1,Client Stakeholder,2026-02-05
REQ-037,Order-to-Cash Transformation,Order Management,Order Amendment,Support quantity and address changes on unshipped orders,Low,High,21,Integration Developer,Kubernetes,4,In Progress,None,Data accuracy validated at 100% against source system,Medium,v1.1,Solution Architect,2026-02-05
REQ-038,Order-to-Cash Transformation,Order Management,Bulk Order Upload,Enable B2B customers to upload bulk orders via CSV/Excel,Medium,High,13,Project Manager,SAP ERP Connector,4,Done,REQ-036,Response time remains under 2 seconds under expected load,Low,v1.1,Solution Architect,2026-02-05
REQ-039,Order-to-Cash Transformation,Order Management,Return Merchandise Authorization - Phase 2,"Generate RMA numbers for product returns (extended requirement, cycle 2)",High,High,21,Solution Architect,Kafka,4,Blocked,REQ-036,No P1/P2 defects open at the time of release,High,v1.1,Solution Architect,2026-02-05
REQ-040,Order-to-Cash Transformation,Order Management,Order Validation Engine - Phase 2,"Validate stock, pricing, and customer eligibility before confirming order (extended requirement, cycle 2)",High,Low,2,Product Owner,GraphQL,4,Done,REQ-037,End-to-end scenario completes successfully across environments,High,v1.1,Delivery Manager,2026-02-07
REQ-041,Order-to-Cash Transformation,Order Management,Order Status Tracking,Provide real-time order status updates to customers,Critical,Medium,13,Database Admin,Docker,4,Done,REQ-036,End-to-end scenario completes successfully across environments,Medium,v1.1,Client Stakeholder,2026-02-09
REQ-042,Order-to-Cash Transformation,Order Management,Order Approval Workflow,Route high-value orders through a manager approval workflow,Low,Medium,13,QA Engineer,MySQL,4,In Progress,REQ-037,Feature passes security and access-control review,Medium,v1.1,Project Manager,2026-02-09
REQ-043,Order-to-Cash Transformation,Order Management,Recurring Orders,Support subscription-based recurring order creation,High,Medium,5,QA Engineer,Tableau,4,Done,None,Audit log captures all required fields correctly,Medium,v1.1,Solution Architect,2026-02-09
REQ-044,Order-to-Cash Transformation,Order Management,Backorder Management - Phase 2,"Handle backorders when inventory is insufficient at order time (extended requirement, cycle 2)",Low,Medium,8,DevOps Engineer,Redis,4,In Progress,REQ-042,Feature works as specified with no critical defects in UAT,High,v1.1,Solution Architect,2026-02-09
REQ-045,Order-to-Cash Transformation,Order Management,Order Split Fulfillment - Phase 2,"Split a single order across multiple warehouses for fulfillment (extended requirement, cycle 2)",Low,Low,5,Data Engineer,React,4,Blocked,None,Data accuracy validated at 100% against source system,Low,v1.1,Solution Architect,2026-02-10
REQ-046,Order-to-Cash Transformation,Order Management,Order Priority Flagging,Flag and prioritize orders from VIP/enterprise customers,Critical,Low,5,DevOps Engineer,Django REST,4,Blocked,None,Data accuracy validated at 100% against source system,Low,v1.1,Solution Architect,2026-02-10
REQ-047,Order-to-Cash Transformation,Order Management,Order Cancellation Workflow - Phase 2,"Allow customers and agents to cancel orders within policy window (extended requirement, cycle 2)",Critical,High,13,DevOps Engineer,Selenium,4,To Do,None,End-to-end scenario completes successfully across environments,High,v1.1,Product Owner,2026-02-12
REQ-048,Order-to-Cash Transformation,Order Management,Return Merchandise Authorization,Generate RMA numbers for product returns,Critical,High,13,Business Analyst,Docker,4,Done,REQ-044,Feature works as specified with no critical defects in UAT,High,v1.1,Business Analyst,2026-02-14
REQ-049,Order-to-Cash Transformation,Order Management,Create Order API - Phase 2,"Develop API for placing customer orders with line items (extended requirement, cycle 2)",High,Low,2,Business Analyst,Redis,5,Done,None,All acceptance test scenarios pass with 100% success rate,Medium,v1.2,Client Stakeholder,2026-02-16
REQ-050,Order-to-Cash Transformation,Order Management,Order Split Fulfillment,Split a single order across multiple warehouses for fulfillment,Medium,Medium,5,DevOps Engineer,Python,5,Done,None,Audit log captures all required fields correctly,Medium,v1.2,Client Stakeholder,2026-02-16
REQ-051,Inventory Visibility & Optimization,Inventory,Inventory Synchronization Enhancement,"Sync inventory counts from ERP system on a scheduled basis (extended requirement, cycle 3)",Critical,Medium,8,BI Developer,Stripe API,5,To Do,None,All acceptance test scenarios pass with 100% success rate,Medium,v1.2,Project Manager,2026-02-17
REQ-052,Inventory Visibility & Optimization,Inventory,Inventory Aging Report - Phase 2,"Report on slow-moving and aging inventory by category (extended requirement, cycle 2)",Medium,Low,3,DevOps Engineer,Azure DevOps,5,Done,REQ-051,Audit log captures all required fields correctly,Medium,v1.2,Delivery Manager,2026-02-17
REQ-053,Inventory Visibility & Optimization,Inventory,Warehouse Transfer Management - Phase 2,"Track inventory transfers between warehouses (extended requirement, cycle 2)",Medium,Low,5,Database Admin,Selenium,5,Done,REQ-052,Business sign-off obtained after UAT walkthrough,Medium,v1.2,Product Owner,2026-02-17
REQ-054,Inventory Visibility & Optimization,Inventory,Cycle Count Reconciliation Enhancement,"Reconcile physical cycle counts against system inventory (extended requirement, cycle 3)",High,Medium,8,Data Engineer,FastAPI Security,5,Done,REQ-052,All acceptance test scenarios pass with 100% success rate,Medium,v1.2,Project Manager,2026-02-17
REQ-055,Inventory Visibility & Optimization,Inventory,Cycle Count Reconciliation - Phase 2,"Reconcile physical cycle counts against system inventory (extended requirement, cycle 2)",Medium,Medium,5,Solution Architect,PostgreSQL,5,Done,REQ-053,Audit log captures all required fields correctly,Medium,v1.2,Delivery Manager,2026-02-18
REQ-056,Inventory Visibility & Optimization,Inventory,Cycle Count Reconciliation,Reconcile physical cycle counts against system inventory,Low,High,21,DevOps Engineer,AWS Lambda,5,Done,None,Audit log captures all required fields correctly,Medium,v1.2,Delivery Manager,2026-02-18
REQ-057,Inventory Visibility & Optimization,Inventory,Safety Stock Calculation - Phase 2,"Calculate safety stock levels using historical demand variability (extended requirement, cycle 2)",Medium,Medium,13,Data Engineer,Power BI,5,To Do,None,Data accuracy validated at 100% against source system,High,v1.2,Delivery Manager,2026-02-20
REQ-058,Inventory Visibility & Optimization,Inventory,Safety Stock Calculation,Calculate safety stock levels using historical demand variability,Medium,Medium,5,DevOps Engineer,Kafka,5,Blocked,REQ-054,Feature passes security and access-control review,Low,v1.2,Solution Architect,2026-02-20
REQ-059,Inventory Visibility & Optimization,Inventory,Multi-Warehouse Stock Allocation - Phase 2,"Allocate stock across warehouses based on demand proximity (extended requirement, cycle 2)",Medium,Medium,5,UX Designer,Django REST,5,Done,REQ-055,Data accuracy validated at 100% against source system,Low,v1.2,Delivery Manager,2026-02-21
REQ-060,Inventory Visibility & Optimization,Inventory,Real-time Stock Availability - Phase 2,"Expose real-time stock availability via API for storefront (extended requirement, cycle 2)",High,Medium,13,DevOps Engineer,Apache Airflow,5,To Do,REQ-055,Response time remains under 2 seconds under expected load,High,v1.2,Product Owner,2026-02-22
REQ-061,Inventory Visibility & Optimization,Inventory,Inventory Aging Report,Report on slow-moving and aging inventory by category,High,Medium,13,Security Analyst,Redis,6,Done,REQ-060,All acceptance test scenarios pass with 100% success rate,Low,v1.2,Delivery Manager,2026-02-23
REQ-062,Inventory Visibility & Optimization,Inventory,Warehouse Transfer Management,Track inventory transfers between warehouses,High,Medium,5,BI Developer,PostgreSQL,6,To Do,None,Data accuracy validated at 100% against source system,Low,v1.2,Solution Architect,2026-02-24
REQ-063,Inventory Visibility & Optimization,Inventory,SKU Master Data Setup,Establish master data structure for SKUs and product attributes,High,Low,5,BI Developer,Python ETL,6,Done,None,Data accuracy validated at 100% against source system,Low,v1.2,Delivery Manager,2026-02-25
REQ-064,Inventory Visibility & Optimization,Inventory,Inventory Adjustment Approval,Require supervisor approval for manual inventory adjustments,Critical,High,13,BI Developer,Django REST,6,In Progress,None,End-to-end scenario completes successfully across environments,Medium,v1.2,Business Analyst,2026-02-26
REQ-065,Inventory Visibility & Optimization,Inventory,Inventory Synchronization,Sync inventory counts from ERP system on a scheduled basis,High,Medium,8,Business Analyst,Salesforce API,6,Done,REQ-063,All acceptance test scenarios pass with 100% success rate,High,v1.2,Solution Architect,2026-02-28
REQ-066,Inventory Visibility & Optimization,Inventory,SKU Master Data Setup - Phase 2,"Establish master data structure for SKUs and product attributes (extended requirement, cycle 2)",High,Low,3,UX Designer,Jenkins,6,Done,REQ-065,All acceptance test scenarios pass with 100% success rate,Low,v1.2,Product Owner,2026-02-28
REQ-067,Inventory Visibility & Optimization,Inventory,Low Stock Alerting,Trigger alerts when SKU inventory falls below reorder threshold,Low,Medium,13,Product Owner,FastAPI Security,6,Done,None,Feature passes security and access-control review,Low,v1.2,Product Owner,2026-02-28
REQ-068,Inventory Visibility & Optimization,Inventory,Low Stock Alerting Enhancement,"Trigger alerts when SKU inventory falls below reorder threshold (extended requirement, cycle 3)",Critical,High,21,Security Analyst,SAP ERP Connector,6,Done,None,Feature is accessible and passes WCAG 2.1 AA checks,Medium,v1.2,Delivery Manager,2026-03-01
REQ-069,Inventory Visibility & Optimization,Inventory,Real-time Stock Availability,Expose real-time stock availability via API for storefront,Critical,Low,3,Database Admin,AWS Lambda,6,Done,REQ-067,Feature works as specified with no critical defects in UAT,High,v1.2,Delivery Manager,2026-03-02
REQ-070,Inventory Visibility & Optimization,Inventory,Real-time Stock Availability Enhancement,"Expose real-time stock availability via API for storefront (extended requirement, cycle 3)",Critical,Medium,8,Senior Consultant,Apache Airflow,6,Done,None,Business sign-off obtained after UAT walkthrough,Medium,v1.2,Delivery Manager,2026-03-02
REQ-071,Inventory Visibility & Optimization,Inventory,Multi-Warehouse Stock Allocation,Allocate stock across warehouses based on demand proximity,High,High,13,Data Engineer,Twilio API,6,Done,None,No P1/P2 defects open at the time of release,Medium,v1.2,Business Analyst,2026-03-03
REQ-072,Inventory Visibility & Optimization,Inventory,Low Stock Alerting - Phase 2,"Trigger alerts when SKU inventory falls below reorder threshold (extended requirement, cycle 2)",Low,Low,5,Business Analyst,Python,6,Done,None,No P1/P2 defects open at the time of release,Low,v1.2,Project Manager,2026-03-04
REQ-073,Inventory Visibility & Optimization,Inventory,Inventory Synchronization - Phase 2,"Sync inventory counts from ERP system on a scheduled basis (extended requirement, cycle 2)",High,Medium,8,Integration Developer,Jenkins,7,Done,REQ-071,End-to-end scenario completes successfully across environments,Medium,v2.0,Business Analyst,2026-03-05
REQ-074,Inventory Visibility & Optimization,Inventory,Warehouse Transfer Management Enhancement,"Track inventory transfers between warehouses (extended requirement, cycle 3)",High,High,13,Data Engineer,Apache Airflow,7,Done,None,End-to-end scenario completes successfully across environments,Medium,v2.0,Product Owner,2026-03-06
REQ-075,Inventory Visibility & Optimization,Inventory,Inventory Adjustment Approval - Phase 2,"Require supervisor approval for manual inventory adjustments (extended requirement, cycle 2)",Critical,High,13,Project Manager,REST API,7,In Progress,None,Response time remains under 2 seconds under expected load,Medium,v2.0,Solution Architect,2026-03-08
REQ-076,Unified Payments Platform,Payments,EMI/Installment Payment Option - Phase 2,"Offer installment-based payment options at checkout (extended requirement, cycle 2)",Critical,Medium,13,Data Engineer,Django REST,7,Done,None,Data accuracy validated at 100% against source system,Medium,v2.0,Product Owner,2026-03-09
REQ-077,Unified Payments Platform,Payments,Multi-Currency Support Enhancement,"Support order payments in multiple currencies with live FX rates (extended requirement, cycle 3)",Critical,High,13,Senior Consultant,RabbitMQ,7,To Do,None,Audit log captures all required fields correctly,High,v2.0,Business Analyst,2026-03-11
REQ-078,Unified Payments Platform,Payments,PCI-DSS Compliance Audit Logging,"Log payment transactions in a PCI-DSS compliant, tokenized manner",Critical,Medium,13,Business Analyst,REST API,7,To Do,REQ-077,Feature is accessible and passes WCAG 2.1 AA checks,Low,v2.0,Product Owner,2026-03-11
REQ-079,Unified Payments Platform,Payments,Payment Reconciliation,Reconcile gateway settlement reports against internal order records,High,Medium,5,Security Analyst,RabbitMQ,7,Done,REQ-077,Data accuracy validated at 100% against source system,High,v2.0,Project Manager,2026-03-11
REQ-080,Unified Payments Platform,Payments,Payment Gateway Integration Enhancement,"Integrate third-party payment gateway for card and wallet payments (extended requirement, cycle 3)",High,High,21,Security Analyst,RabbitMQ,7,Done,REQ-077,Audit log captures all required fields correctly,High,v2.0,Delivery Manager,2026-03-13
REQ-081,Unified Payments Platform,Payments,Wallet & Store Credit,Implement store credit and digital wallet balance management,Critical,Medium,13,Security Analyst,Node.js,7,To Do,REQ-077,Audit log captures all required fields correctly,Medium,v2.0,Business Analyst,2026-03-14
REQ-082,Unified Payments Platform,Payments,Payment Reconciliation Enhancement,"Reconcile gateway settlement reports against internal order records (extended requirement, cycle 3)",High,Medium,8,Senior Consultant,Kubernetes,7,Done,REQ-079,Feature works as specified with no critical defects in UAT,High,v2.0,Solution Architect,2026-03-14
REQ-083,Unified Payments Platform,Payments,Payment Gateway Integration,Integrate third-party payment gateway for card and wallet payments,High,Low,2,Python Developer,Azure DevOps,7,To Do,REQ-080,End-to-end scenario completes successfully across environments,High,v2.0,Client Stakeholder,2026-03-15
REQ-084,Unified Payments Platform,Payments,Fraud Detection Rules Engine,Apply configurable fraud rules to flag suspicious transactions,Medium,Low,5,Security Analyst,SAP ERP Connector,7,Done,None,Feature works as specified with no critical defects in UAT,Medium,v2.0,Business Analyst,2026-03-17
REQ-085,Unified Payments Platform,Payments,Refund Processing - Phase 2,"Automate refund processing back to original payment method (extended requirement, cycle 2)",Low,Medium,8,Senior Consultant,RabbitMQ,8,Done,None,Feature works as specified with no critical defects in UAT,Low,v2.0,Business Analyst,2026-03-19
REQ-086,Unified Payments Platform,Payments,Fraud Detection Rules Engine Enhancement,"Apply configurable fraud rules to flag suspicious transactions (extended requirement, cycle 3)",High,Low,3,DevOps Engineer,Django REST,8,In Progress,REQ-081,Data accuracy validated at 100% against source system,Medium,v2.0,Delivery Manager,2026-03-21
REQ-087,Unified Payments Platform,Payments,Invoice Generation - Phase 2,"Auto-generate tax-compliant invoices upon order confirmation (extended requirement, cycle 2)",High,Medium,5,Database Admin,Apache Airflow,8,Blocked,REQ-086,All acceptance test scenarios pass with 100% success rate,Medium,v2.0,Solution Architect,2026-03-23
REQ-088,Unified Payments Platform,Payments,Multi-Currency Support,Support order payments in multiple currencies with live FX rates,Critical,High,13,Database Admin,REST API,8,Done,REQ-084,Feature works as specified with no critical defects in UAT,High,v2.0,Solution Architect,2026-03-23
REQ-089,Unified Payments Platform,Payments,Payment Retry Logic,Automatically retry failed payment attempts with backoff,Medium,High,21,Business Analyst,Python,8,To Do,None,Response time remains under 2 seconds under expected load,Medium,v2.0,Solution Architect,2026-03-24
REQ-090,Unified Payments Platform,Payments,Invoice Generation,Auto-generate tax-compliant invoices upon order confirmation,Medium,High,13,UX Designer,Salesforce API,8,To Do,None,Feature works as specified with no critical defects in UAT,Low,v2.0,Product Owner,2026-03-25
REQ-091,Unified Payments Platform,Payments,Fraud Detection Rules Engine - Phase 2,"Apply configurable fraud rules to flag suspicious transactions (extended requirement, cycle 2)",Low,Medium,13,Security Analyst,Docker,8,Done,None,Data accuracy validated at 100% against source system,Low,v2.0,Client Stakeholder,2026-03-25
REQ-092,Unified Payments Platform,Payments,Refund Processing Enhancement,"Automate refund processing back to original payment method (extended requirement, cycle 3)",Low,Medium,5,Integration Developer,Node.js,8,To Do,REQ-088,No P1/P2 defects open at the time of release,Medium,v2.0,Project Manager,2026-03-26
REQ-093,Unified Payments Platform,Payments,Payment Reconciliation - Phase 2,"Reconcile gateway settlement reports against internal order records (extended requirement, cycle 2)",Medium,Medium,13,Project Manager,Apache Airflow,8,In Progress,None,Business sign-off obtained after UAT walkthrough,Medium,v2.0,Business Analyst,2026-03-28
REQ-094,Unified Payments Platform,Payments,PCI-DSS Compliance Audit Logging - Phase 2,"Log payment transactions in a PCI-DSS compliant, tokenized manner (extended requirement, cycle 2)",High,Low,3,Database Admin,RabbitMQ,8,Done,REQ-092,Business sign-off obtained after UAT walkthrough,Low,v2.0,Delivery Manager,2026-03-28
REQ-095,Unified Payments Platform,Payments,Payment Retry Logic - Phase 2,"Automatically retry failed payment attempts with backoff (extended requirement, cycle 2)",Medium,High,21,Project Manager,PostgreSQL,8,Done,None,Business sign-off obtained after UAT walkthrough,Low,v2.0,Client Stakeholder,2026-03-28
REQ-096,Unified Payments Platform,Payments,Payment Gateway Integration - Phase 2,"Integrate third-party payment gateway for card and wallet payments (extended requirement, cycle 2)",Low,Low,5,Database Admin,SAP ERP Connector,8,To Do,REQ-094,Data accuracy validated at 100% against source system,Low,v2.0,Business Analyst,2026-03-30
REQ-097,Unified Payments Platform,Payments,Wallet & Store Credit - Phase 2,"Implement store credit and digital wallet balance management (extended requirement, cycle 2)",Critical,Low,3,Data Engineer,Node.js,9,Done,REQ-094,Feature is accessible and passes WCAG 2.1 AA checks,Medium,v2.0,Business Analyst,2026-03-31
REQ-098,Unified Payments Platform,Payments,EMI/Installment Payment Option,Offer installment-based payment options at checkout,High,Low,5,Business Analyst,SendGrid API,9,Done,REQ-096,All acceptance test scenarios pass with 100% success rate,Medium,v2.0,Delivery Manager,2026-03-31
REQ-099,Unified Payments Platform,Payments,Refund Processing,Automate refund processing back to original payment method,Low,Medium,8,QA Engineer,Power BI,9,Done,None,No P1/P2 defects open at the time of release,Low,v2.0,Business Analyst,2026-03-31
REQ-100,Unified Payments Platform,Payments,Multi-Currency Support - Phase 2,"Support order payments in multiple currencies with live FX rates (extended requirement, cycle 2)",Medium,High,21,Database Admin,React,9,Done,REQ-096,Audit log captures all required fields correctly,Medium,v2.0,Delivery Manager,2026-03-31
REQ-101,Logistics & Fulfillment,Shipping,Shipment Tracking Sync,Sync shipment tracking status updates back to order records,Medium,Medium,5,QA Engineer,Tableau,9,Done,None,Feature works as specified with no critical defects in UAT,Low,v2.0,Project Manager,2026-04-02
REQ-102,Logistics & Fulfillment,Shipping,Delivery Exception Handling - Phase 2,"Handle and notify customers of delivery exceptions/delays (extended requirement, cycle 2)",High,High,13,DevOps Engineer,Apache Airflow,9,Done,None,No P1/P2 defects open at the time of release,Low,v2.0,Project Manager,2026-04-04
REQ-103,Logistics & Fulfillment,Shipping,Proof of Delivery Capture Enhancement,"Capture digital signature or photo as proof of delivery (extended requirement, cycle 3)",Critical,High,13,Security Analyst,Salesforce API,9,To Do,None,Response time remains under 2 seconds under expected load,Medium,v2.0,Solution Architect,2026-04-06
REQ-104,Logistics & Fulfillment,Shipping,Shipping Label Printing Enhancement,"Generate and print carrier-compliant shipping labels (extended requirement, cycle 3)",Critical,High,21,Solution Architect,PostgreSQL,9,Done,REQ-103,Response time remains under 2 seconds under expected load,High,v2.0,Delivery Manager,2026-04-06
REQ-105,Logistics & Fulfillment,Shipping,Shipping Label Printing,Generate and print carrier-compliant shipping labels,High,High,21,Product Owner,Apache Airflow,9,Done,None,Audit log captures all required fields correctly,Low,v2.0,Client Stakeholder,2026-04-08
REQ-106,Logistics & Fulfillment,Shipping,Shipment Tracking Sync Enhancement,"Sync shipment tracking status updates back to order records (extended requirement, cycle 3)",High,Medium,5,DevOps Engineer,FastAPI Security,9,Done,None,Feature is accessible and passes WCAG 2.1 AA checks,Low,v2.0,Delivery Manager,2026-04-08
REQ-107,Logistics & Fulfillment,Shipping,Shipping Label Printing - Phase 2,"Generate and print carrier-compliant shipping labels (extended requirement, cycle 2)",Medium,Low,2,Database Admin,Docker,9,In Progress,REQ-106,Business sign-off obtained after UAT walkthrough,Medium,v2.0,Delivery Manager,2026-04-09
REQ-108,Logistics & Fulfillment,Shipping,Delivery Slot Selection - Phase 2,"Allow customers to select preferred delivery time slots (extended requirement, cycle 2)",Medium,Medium,5,Integration Developer,GraphQL,9,Done,REQ-106,Feature works as specified with no critical defects in UAT,Low,v2.0,Business Analyst,2026-04-09
REQ-109,Logistics & Fulfillment,Shipping,Proof of Delivery Capture,Capture digital signature or photo as proof of delivery,High,Low,5,Data Engineer,React,10,In Progress,REQ-105,End-to-end scenario completes successfully across environments,High,v2.0,Product Owner,2026-04-10
REQ-110,Logistics & Fulfillment,Shipping,Delivery Slot Selection Enhancement,"Allow customers to select preferred delivery time slots (extended requirement, cycle 3)",Critical,Medium,5,Senior Consultant,PostgreSQL,10,In Progress,None,Feature is accessible and passes WCAG 2.1 AA checks,Low,v2.0,Project Manager,2026-04-10
REQ-111,Logistics & Fulfillment,Shipping,Shipping Carrier Integration,Integrate with third-party carrier APIs for label generation,Medium,High,21,QA Engineer,OAuth2/SAML,10,In Progress,REQ-106,No P1/P2 defects open at the time of release,Medium,v2.0,Delivery Manager,2026-04-10
REQ-112,Logistics & Fulfillment,Shipping,Freight Cost Calculation,"Calculate shipping cost based on weight, dimensions, and destination",Low,Medium,5,QA Engineer,React,10,In Progress,None,No P1/P2 defects open at the time of release,Low,v2.0,Solution Architect,2026-04-11
REQ-113,Logistics & Fulfillment,Shipping,Proof of Delivery Capture - Phase 2,"Capture digital signature or photo as proof of delivery (extended requirement, cycle 2)",High,Low,2,BI Developer,Tableau,10,To Do,REQ-111,End-to-end scenario completes successfully across environments,High,v2.0,Client Stakeholder,2026-04-11
REQ-114,Logistics & Fulfillment,Shipping,Shipment Tracking Sync - Phase 2,"Sync shipment tracking status updates back to order records (extended requirement, cycle 2)",Medium,Low,5,Project Manager,MySQL,10,Done,None,Audit log captures all required fields correctly,Medium,v2.0,Project Manager,2026-04-13
REQ-115,Logistics & Fulfillment,Shipping,Returns Pickup Scheduling - Phase 2,"Schedule reverse pickups for product returns (extended requirement, cycle 2)",Critical,High,21,Data Engineer,Jenkins,10,Done,REQ-114,Response time remains under 2 seconds under expected load,Medium,v2.0,Solution Architect,2026-04-13
REQ-116,Logistics & Fulfillment,Shipping,Delivery Exception Handling Enhancement,"Handle and notify customers of delivery exceptions/delays (extended requirement, cycle 3)",Critical,Low,3,Integration Developer,Twilio API,10,To Do,REQ-115,Feature is accessible and passes WCAG 2.1 AA checks,Medium,v2.0,Product Owner,2026-04-14
REQ-117,Logistics & Fulfillment,Shipping,Returns Pickup Scheduling,Schedule reverse pickups for product returns,Critical,High,21,DevOps Engineer,Jenkins,10,In Progress,None,Audit log captures all required fields correctly,Medium,v2.0,Delivery Manager,2026-04-15
REQ-118,Logistics & Fulfillment,Shipping,Delivery Exception Handling,Handle and notify customers of delivery exceptions/delays,Medium,Medium,13,Senior Consultant,Redis,10,In Progress,REQ-117,Feature works as specified with no critical defects in UAT,Medium,v2.0,Client Stakeholder,2026-04-17
REQ-119,Logistics & Fulfillment,Shipping,Returns Pickup Scheduling Enhancement,"Schedule reverse pickups for product returns (extended requirement, cycle 3)",High,Low,3,Business Analyst,REST API,10,Done,None,Data accuracy validated at 100% against source system,Low,v2.0,Client Stakeholder,2026-04-17
REQ-120,Logistics & Fulfillment,Shipping,Freight Cost Calculation - Phase 2,"Calculate shipping cost based on weight, dimensions, and destination (extended requirement, cycle 2)",Critical,Medium,8,Business Analyst,Redis,10,To Do,None,Audit log captures all required fields correctly,Medium,v2.0,Project Manager,2026-04-17
REQ-121,Logistics & Fulfillment,Shipping,Shipping Carrier Integration - Extended Scope,"Integrate with third-party carrier APIs for label generation (extended requirement, cycle 4)",Medium,Medium,13,Data Engineer,Twilio API,11,In Progress,REQ-120,Response time remains under 2 seconds under expected load,Medium,v2.0,Solution Architect,2026-04-18
REQ-122,Logistics & Fulfillment,Shipping,Shipping Carrier Integration - Phase 2,"Integrate with third-party carrier APIs for label generation (extended requirement, cycle 2)",Medium,High,21,DevOps Engineer,Twilio API,11,In Progress,REQ-119,Feature passes security and access-control review,Low,v2.0,Product Owner,2026-04-19
REQ-123,Logistics & Fulfillment,Shipping,Freight Cost Calculation Enhancement,"Calculate shipping cost based on weight, dimensions, and destination (extended requirement, cycle 3)",Medium,Medium,8,Data Engineer,Twilio API,11,Done,None,Feature passes security and access-control review,Low,v2.0,Client Stakeholder,2026-04-21
REQ-124,Logistics & Fulfillment,Shipping,Shipping Carrier Integration Enhancement,"Integrate with third-party carrier APIs for label generation (extended requirement, cycle 3)",High,High,21,Integration Developer,FastAPI Security,11,In Progress,REQ-121,All acceptance test scenarios pass with 100% success rate,Low,v2.0,Solution Architect,2026-04-22
REQ-125,Logistics & Fulfillment,Shipping,Delivery Slot Selection,Allow customers to select preferred delivery time slots,High,High,21,Solution Architect,Kafka,11,Done,REQ-124,Feature is accessible and passes WCAG 2.1 AA checks,Low,v2.0,Delivery Manager,2026-04-22
REQ-126,Customer Communication Hub,Notifications,SMS Gateway Integration,Integrate SMS gateway for OTP and transactional alerts,Medium,Low,3,Data Engineer,Twilio API,11,Blocked,None,Feature works as specified with no critical defects in UAT,Low,v2.0,Product Owner,2026-04-22
REQ-127,Customer Communication Hub,Notifications,SMS Gateway Integration Enhancement,"Integrate SMS gateway for OTP and transactional alerts (extended requirement, cycle 3)",High,High,21,Security Analyst,PyTest,11,Done,REQ-126,End-to-end scenario completes successfully across environments,High,v2.0,Solution Architect,2026-04-24
REQ-128,Customer Communication Hub,Notifications,Shipment Update Notification Enhancement,"Notify customers of shipment status changes (extended requirement, cycle 3)",High,High,13,Business Analyst,Redis,11,Blocked,REQ-127,Feature works as specified with no critical defects in UAT,High,v2.0,Product Owner,2026-04-24
REQ-129,Customer Communication Hub,Notifications,Transactional Email Templates,Design and implement reusable transactional email templates,Low,High,21,Python Developer,FastAPI,11,Blocked,REQ-127,All acceptance test scenarios pass with 100% success rate,Low,v2.0,Delivery Manager,2026-04-26
REQ-130,Customer Communication Hub,Notifications,Promotional Push Notifications Enhancement,"Send targeted promotional push notifications to mobile app users (extended requirement, cycle 3)",High,High,13,Product Owner,Salesforce API,11,Done,REQ-128,End-to-end scenario completes successfully across environments,Low,v2.0,Business Analyst,2026-04-26
REQ-131,Customer Communication Hub,Notifications,Notification Preference Center - Extended Scope,"Centralize notification channel preferences per customer (extended requirement, cycle 4)",Critical,Medium,8,DevOps Engineer,PyTest,11,To Do,REQ-126,Business sign-off obtained after UAT walkthrough,Low,v2.0,Client Stakeholder,2026-04-27
REQ-132,Customer Communication Hub,Notifications,Notification Preference Center,Centralize notification channel preferences per customer,Medium,Low,2,Security Analyst,Azure DevOps,11,In Progress,REQ-129,Feature passes security and access-control review,High,v2.0,Business Analyst,2026-04-28
REQ-133,Customer Communication Hub,Notifications,Notification Preference Center - Phase 2,"Centralize notification channel preferences per customer (extended requirement, cycle 2)",High,High,13,Project Manager,Node.js,12,In Progress,REQ-132,All acceptance test scenarios pass with 100% success rate,Medium,v2.0,Business Analyst,2026-04-29
REQ-134,Customer Communication Hub,Notifications,Transactional Email Templates Enhancement,"Design and implement reusable transactional email templates (extended requirement, cycle 3)",Medium,Medium,8,Data Engineer,Kubernetes,12,Done,None,No P1/P2 defects open at the time of release,Low,v2.0,Product Owner,2026-05-01
REQ-135,Customer Communication Hub,Notifications,In-App Notification Center,Build in-app notification inbox with read/unread state,High,High,21,Integration Developer,Selenium,12,To Do,REQ-133,Feature is accessible and passes WCAG 2.1 AA checks,High,v2.0,Client Stakeholder,2026-05-03
REQ-136,Customer Communication Hub,Notifications,Promotional Push Notifications - Extended Scope,"Send targeted promotional push notifications to mobile app users (extended requirement, cycle 4)",Medium,Low,5,Senior Consultant,PostgreSQL,12,In Progress,REQ-133,Data accuracy validated at 100% against source system,High,v2.0,Delivery Manager,2026-05-05
REQ-137,Customer Communication Hub,Notifications,Transactional Email Templates - Phase 2,"Design and implement reusable transactional email templates (extended requirement, cycle 2)",High,Medium,13,DevOps Engineer,SendGrid API,12,To Do,REQ-136,No P1/P2 defects open at the time of release,Low,v2.0,Delivery Manager,2026-05-06
REQ-138,Customer Communication Hub,Notifications,Promotional Push Notifications,Send targeted promotional push notifications to mobile app users,High,Low,3,Database Admin,AWS Lambda,12,To Do,None,Feature passes security and access-control review,Medium,v2.0,Project Manager,2026-05-08
REQ-139,Customer Communication Hub,Notifications,In-App Notification Center - Phase 2,"Build in-app notification inbox with read/unread state (extended requirement, cycle 2)",Critical,Medium,13,Senior Consultant,PostgreSQL,12,Done,REQ-135,No P1/P2 defects open at the time of release,High,v2.0,Business Analyst,2026-05-09
REQ-140,Customer Communication Hub,Notifications,Order Confirmation Notification Enhancement,"Send order confirmation via email and SMS (extended requirement, cycle 3)",High,High,21,Product Owner,REST API,12,Done,None,Audit log captures all required fields correctly,Medium,v2.0,Client Stakeholder,2026-05-09
REQ-141,Customer Communication Hub,Notifications,In-App Notification Center Enhancement,"Build in-app notification inbox with read/unread state (extended requirement, cycle 3)",Critical,Medium,13,Business Analyst,Kubernetes,12,In Progress,None,Feature passes security and access-control review,High,v2.0,Business Analyst,2026-05-10
REQ-142,Customer Communication Hub,Notifications,Order Confirmation Notification,Send order confirmation via email and SMS,High,High,13,Security Analyst,React,12,Done,None,All acceptance test scenarios pass with 100% success rate,Low,v2.0,Product Owner,2026-05-12
REQ-143,Customer Communication Hub,Notifications,Shipment Update Notification,Notify customers of shipment status changes,Medium,High,13,QA Engineer,Selenium,12,In Progress,None,Feature works as specified with no critical defects in UAT,Low,v2.0,Delivery Manager,2026-05-12
REQ-144,Customer Communication Hub,Notifications,Order Confirmation Notification - Extended Scope,"Send order confirmation via email and SMS (extended requirement, cycle 4)",High,Low,3,QA Engineer,Selenium,12,In Progress,REQ-143,Response time remains under 2 seconds under expected load,High,v2.0,Business Analyst,2026-05-13
REQ-145,Customer Communication Hub,Notifications,SMS Gateway Integration - Phase 2,"Integrate SMS gateway for OTP and transactional alerts (extended requirement, cycle 2)",Medium,High,21,QA Engineer,AWS Lambda,13,Done,REQ-140,Audit log captures all required fields correctly,High,v2.0,Client Stakeholder,2026-05-15
REQ-146,Customer Communication Hub,Notifications,Promotional Push Notifications - Phase 2,"Send targeted promotional push notifications to mobile app users (extended requirement, cycle 2)",Low,High,13,Database Admin,Elasticsearch,13,Blocked,None,End-to-end scenario completes successfully across environments,Medium,v2.0,Business Analyst,2026-05-17
REQ-147,Customer Communication Hub,Notifications,Shipment Update Notification - Extended Scope,"Notify customers of shipment status changes (extended requirement, cycle 4)",High,Medium,5,Project Manager,REST API,13,Done,REQ-143,No P1/P2 defects open at the time of release,Low,v2.0,Delivery Manager,2026-05-18
REQ-148,Customer Communication Hub,Notifications,Shipment Update Notification - Phase 2,"Notify customers of shipment status changes (extended requirement, cycle 2)",Low,Medium,8,Solution Architect,Tableau,13,In Progress,REQ-146,Data accuracy validated at 100% against source system,Medium,v2.0,Solution Architect,2026-05-19
REQ-149,Customer Communication Hub,Notifications,Notification Preference Center Enhancement,"Centralize notification channel preferences per customer (extended requirement, cycle 3)",Critical,High,13,Python Developer,Kafka,13,Done,REQ-148,Feature is accessible and passes WCAG 2.1 AA checks,Medium,v2.0,Delivery Manager,2026-05-21
REQ-150,Customer Communication Hub,Notifications,Order Confirmation Notification - Phase 2,"Send order confirmation via email and SMS (extended requirement, cycle 2)",High,Low,3,Project Manager,FastAPI,13,To Do,None,All acceptance test scenarios pass with 100% success rate,Low,v2.0,Product Owner,2026-05-21
REQ-151,Enterprise Analytics & Reporting,Reporting,Inventory Turnover Report Enhancement,"Report on inventory turnover ratio by category (extended requirement, cycle 3)",Medium,High,21,QA Engineer,Azure DevOps,13,In Progress,None,No P1/P2 defects open at the time of release,High,v2.0,Project Manager,2026-05-22
REQ-152,Enterprise Analytics & Reporting,Reporting,Operational KPI Dashboard - Phase 2,"Build dashboard tracking order fulfillment and SLA KPIs (extended requirement, cycle 2)",High,Medium,8,Security Analyst,Stripe API,13,To Do,REQ-151,No P1/P2 defects open at the time of release,High,v2.0,Client Stakeholder,2026-05-23
REQ-153,Enterprise Analytics & Reporting,Reporting,Automated Report Scheduling - Phase 2,"Schedule and email recurring reports to stakeholders (extended requirement, cycle 2)",High,Low,2,UX Designer,FastAPI Security,13,In Progress,REQ-151,Feature is accessible and passes WCAG 2.1 AA checks,Low,v2.0,Delivery Manager,2026-05-23
REQ-154,Enterprise Analytics & Reporting,Reporting,Finance Reconciliation Report,Generate daily finance reconciliation report across modules,High,Medium,5,Security Analyst,Jenkins,13,In Progress,None,No P1/P2 defects open at the time of release,Low,v2.0,Project Manager,2026-05-24
REQ-155,Enterprise Analytics & Reporting,Reporting,Inventory Turnover Report,Report on inventory turnover ratio by category,Critical,High,21,Business Analyst,PostgreSQL,13,To Do,REQ-152,Feature works as specified with no critical defects in UAT,Medium,v2.0,Business Analyst,2026-05-24
REQ-156,Enterprise Analytics & Reporting,Reporting,Sales Dashboard,Develop executive sales performance dashboard,Medium,Low,5,Security Analyst,Node.js,13,Blocked,None,Feature is accessible and passes WCAG 2.1 AA checks,Low,v2.0,Client Stakeholder,2026-05-24
REQ-157,Enterprise Analytics & Reporting,Reporting,Finance Reconciliation Report Enhancement,"Generate daily finance reconciliation report across modules (extended requirement, cycle 3)",Critical,Medium,5,Python Developer,Kafka,14,In Progress,None,Feature works as specified with no critical defects in UAT,Medium,v2.0,Solution Architect,2026-05-25
REQ-158,Enterprise Analytics & Reporting,Reporting,Regional Sales Heatmap,Visualize regional sales performance on a geographic heatmap,Medium,High,13,Senior Consultant,FastAPI Security,14,Done,REQ-156,Audit log captures all required fields correctly,Low,v2.0,Delivery Manager,2026-05-25
REQ-159,Enterprise Analytics & Reporting,Reporting,Regional Sales Heatmap - Phase 2,"Visualize regional sales performance on a geographic heatmap (extended requirement, cycle 2)",High,Medium,13,QA Engineer,Kubernetes,14,Done,REQ-158,Feature works as specified with no critical defects in UAT,Low,v2.0,Business Analyst,2026-05-26
REQ-160,Enterprise Analytics & Reporting,Reporting,Ad-hoc Query Builder,Provide business users a self-service ad-hoc reporting tool,Critical,Low,2,Senior Consultant,SendGrid API,14,In Progress,None,End-to-end scenario completes successfully across environments,High,v2.0,Client Stakeholder,2026-05-26
REQ-161,Enterprise Analytics & Reporting,Reporting,Customer Lifetime Value Report Enhancement,"Calculate and visualize customer lifetime value trends (extended requirement, cycle 3)",Low,High,13,QA Engineer,Twilio API,14,To Do,None,Feature passes security and access-control review,Low,v2.0,Business Analyst,2026-05-26
REQ-162,Enterprise Analytics & Reporting,Reporting,Data Warehouse ETL Pipeline,Build ETL pipeline feeding the enterprise data warehouse,Critical,High,13,QA Engineer,FastAPI Security,14,Blocked,REQ-161,Business sign-off obtained after UAT walkthrough,High,v2.0,Client Stakeholder,2026-05-26
REQ-163,Enterprise Analytics & Reporting,Reporting,Ad-hoc Query Builder Enhancement,"Provide business users a self-service ad-hoc reporting tool (extended requirement, cycle 3)",Medium,High,21,BI Developer,Tableau,14,In Progress,None,All acceptance test scenarios pass with 100% success rate,High,v2.0,Client Stakeholder,2026-05-26
REQ-164,Enterprise Analytics & Reporting,Reporting,Automated Report Scheduling Enhancement,"Schedule and email recurring reports to stakeholders (extended requirement, cycle 3)",Critical,Low,2,Data Engineer,GraphQL,14,In Progress,None,Feature works as specified with no critical defects in UAT,High,v2.0,Solution Architect,2026-05-27
REQ-165,Enterprise Analytics & Reporting,Reporting,Customer Lifetime Value Report - Phase 2,"Calculate and visualize customer lifetime value trends (extended requirement, cycle 2)",High,Medium,8,BI Developer,Python ETL,14,Done,None,Business sign-off obtained after UAT walkthrough,Medium,v2.0,Client Stakeholder,2026-05-27
REQ-166,Enterprise Analytics & Reporting,Reporting,Inventory Turnover Report - Phase 2,"Report on inventory turnover ratio by category (extended requirement, cycle 2)",Medium,Low,2,BI Developer,FastAPI Security,14,Done,REQ-163,End-to-end scenario completes successfully across environments,Medium,v2.0,Solution Architect,2026-05-28
REQ-167,Enterprise Analytics & Reporting,Reporting,Operational KPI Dashboard,Build dashboard tracking order fulfillment and SLA KPIs,High,Medium,5,Senior Consultant,Python ETL,14,In Progress,REQ-162,Audit log captures all required fields correctly,Medium,v2.0,Delivery Manager,2026-05-29
REQ-168,Enterprise Analytics & Reporting,Reporting,Data Warehouse ETL Pipeline - Phase 2,"Build ETL pipeline feeding the enterprise data warehouse (extended requirement, cycle 2)",Medium,Medium,8,Product Owner,REST API,14,To Do,None,Business sign-off obtained after UAT walkthrough,Low,v2.0,Project Manager,2026-05-31
REQ-169,Enterprise Analytics & Reporting,Reporting,Operational KPI Dashboard Enhancement,"Build dashboard tracking order fulfillment and SLA KPIs (extended requirement, cycle 3)",Low,High,13,Database Admin,REST API,15,Done,REQ-165,Feature passes security and access-control review,Low,v2.0,Solution Architect,2026-06-01
REQ-170,Enterprise Analytics & Reporting,Reporting,Finance Reconciliation Report - Phase 2,"Generate daily finance reconciliation report across modules (extended requirement, cycle 2)",High,Medium,5,Data Engineer,Docker,15,In Progress,REQ-165,No P1/P2 defects open at the time of release,High,v2.0,Client Stakeholder,2026-06-01
REQ-171,Enterprise Analytics & Reporting,Reporting,Customer Lifetime Value Report,Calculate and visualize customer lifetime value trends,High,High,21,Product Owner,REST API,15,In Progress,None,No P1/P2 defects open at the time of release,High,v2.0,Solution Architect,2026-06-03
REQ-172,Enterprise Analytics & Reporting,Reporting,Sales Dashboard - Phase 2,"Develop executive sales performance dashboard (extended requirement, cycle 2)",Critical,Medium,13,QA Engineer,Twilio API,15,Done,None,End-to-end scenario completes successfully across environments,Low,v2.0,Project Manager,2026-06-04
REQ-173,Enterprise Analytics & Reporting,Reporting,Sales Dashboard Enhancement,"Develop executive sales performance dashboard (extended requirement, cycle 3)",Low,High,21,BI Developer,Kafka,15,Done,None,End-to-end scenario completes successfully across environments,High,v2.0,Project Manager,2026-06-06
REQ-174,Enterprise Analytics & Reporting,Reporting,Ad-hoc Query Builder - Phase 2,"Provide business users a self-service ad-hoc reporting tool (extended requirement, cycle 2)",Low,Low,5,Python Developer,Salesforce API,15,To Do,None,No P1/P2 defects open at the time of release,High,v2.0,Product Owner,2026-06-06
REQ-175,Enterprise Analytics & Reporting,Reporting,Automated Report Scheduling,Schedule and email recurring reports to stakeholders,Medium,High,21,Database Admin,SendGrid API,15,Done,REQ-173,Data accuracy validated at 100% against source system,Low,v2.0,Solution Architect,2026-06-07
REQ-176,Enterprise Security & Compliance,Security,Data Encryption at Rest Enhancement,"Encrypt sensitive customer and payment data at rest (extended requirement, cycle 3)",Critical,High,21,DevOps Engineer,GraphQL,15,In Progress,None,Business sign-off obtained after UAT walkthrough,Medium,v2.0,Client Stakeholder,2026-06-08
REQ-177,Enterprise Security & Compliance,Security,Multi-Factor Authentication,Enable MFA for internal admin and back-office users,Medium,High,13,Senior Consultant,Terraform,15,In Progress,REQ-176,Response time remains under 2 seconds under expected load,Medium,v2.0,Solution Architect,2026-06-09
REQ-178,Enterprise Security & Compliance,Security,Vulnerability Scanning Pipeline - Phase 2,"Integrate automated vulnerability scanning into CI/CD pipeline (extended requirement, cycle 2)",Low,Medium,5,Senior Consultant,Docker,15,In Progress,None,Audit log captures all required fields correctly,Low,v2.0,Client Stakeholder,2026-06-09
REQ-179,Enterprise Security & Compliance,Security,Data Encryption at Rest,Encrypt sensitive customer and payment data at rest,High,Medium,13,DevOps Engineer,FastAPI Security,15,Done,REQ-176,No P1/P2 defects open at the time of release,Low,v2.0,Business Analyst,2026-06-09
REQ-180,Enterprise Security & Compliance,Security,Single Sign-On Integration - Phase 2,"Integrate SSO via SAML/OAuth2 with corporate identity provider (extended requirement, cycle 2)",Medium,High,21,Project Manager,Jenkins,15,In Progress,REQ-179,Audit log captures all required fields correctly,Medium,v2.0,Product Owner,2026-06-10
REQ-181,Enterprise Security & Compliance,Security,Multi-Factor Authentication - Phase 2,"Enable MFA for internal admin and back-office users (extended requirement, cycle 2)",High,Medium,13,Senior Consultant,Django REST,16,To Do,REQ-177,All acceptance test scenarios pass with 100% success rate,High,v2.0,Client Stakeholder,2026-06-12
REQ-182,Enterprise Security & Compliance,Security,JWT Authentication Enhancement,"Implement JWT-based authentication for all internal APIs (extended requirement, cycle 3)",Critical,Low,5,BI Developer,Salesforce API,16,Done,None,Response time remains under 2 seconds under expected load,Low,v2.0,Project Manager,2026-06-13
REQ-183,Enterprise Security & Compliance,Security,API Rate Limiting,Implement rate limiting and throttling on public-facing APIs,Critical,Medium,5,Security Analyst,Elasticsearch,16,Done,None,Data accuracy validated at 100% against source system,Medium,v2.0,Client Stakeholder,2026-06-13
REQ-184,Enterprise Security & Compliance,Security,Data Encryption at Rest - Phase 2,"Encrypt sensitive customer and payment data at rest (extended requirement, cycle 2)",Medium,High,13,Data Engineer,Azure DevOps,16,To Do,REQ-181,Feature passes security and access-control review,Low,v2.0,Business Analyst,2026-06-15
REQ-185,Enterprise Security & Compliance,Security,Single Sign-On Integration Enhancement,"Integrate SSO via SAML/OAuth2 with corporate identity provider (extended requirement, cycle 3)",High,Medium,5,Data Engineer,React,16,To Do,None,Response time remains under 2 seconds under expected load,High,v2.0,Delivery Manager,2026-06-16
REQ-186,Enterprise Security & Compliance,Security,API Rate Limiting - Phase 2,"Implement rate limiting and throttling on public-facing APIs (extended requirement, cycle 2)",Low,Medium,13,Business Analyst,Azure DevOps,16,Done,None,All acceptance test scenarios pass with 100% success rate,Low,v2.0,Solution Architect,2026-06-18
REQ-187,Enterprise Security & Compliance,Security,Session Management & Timeout - Phase 2,"Enforce session expiry and concurrent session limits (extended requirement, cycle 2)",High,Medium,13,BI Developer,Elasticsearch,16,To Do,None,Audit log captures all required fields correctly,Low,v2.0,Client Stakeholder,2026-06-18
REQ-188,Enterprise Security & Compliance,Security,Single Sign-On Integration,Integrate SSO via SAML/OAuth2 with corporate identity provider,Medium,Medium,5,Business Analyst,Azure DevOps,16,To Do,None,Feature works as specified with no critical defects in UAT,High,v2.0,Delivery Manager,2026-06-19
REQ-189,Enterprise Security & Compliance,Security,Role-Based Access Control Enhancement,"Implement RBAC for module-level and field-level access (extended requirement, cycle 3)",Critical,High,21,BI Developer,SendGrid API,16,Done,None,No P1/P2 defects open at the time of release,Medium,v2.0,Project Manager,2026-06-19
REQ-190,Enterprise Security & Compliance,Security,Role-Based Access Control,Implement RBAC for module-level and field-level access,High,Medium,13,Project Manager,OAuth2/SAML,16,In Progress,REQ-185,No P1/P2 defects open at the time of release,High,v2.0,Delivery Manager,2026-06-20
REQ-191,Enterprise Security & Compliance,Security,Session Management & Timeout,Enforce session expiry and concurrent session limits,Medium,High,21,Solution Architect,Python,16,Done,REQ-187,Audit log captures all required fields correctly,High,v2.0,Project Manager,2026-06-21
REQ-192,Enterprise Security & Compliance,Security,API Rate Limiting Enhancement,"Implement rate limiting and throttling on public-facing APIs (extended requirement, cycle 3)",Low,Low,3,Data Engineer,Apache Airflow,16,Done,None,Data accuracy validated at 100% against source system,Medium,v2.0,Business Analyst,2026-06-22
REQ-193,Enterprise Security & Compliance,Security,Audit Trail Logging - Phase 2,"Log all create/update/delete actions with user and timestamp (extended requirement, cycle 2)",Low,Medium,8,Business Analyst,Tableau,17,In Progress,REQ-192,Feature works as specified with no critical defects in UAT,High,v2.0,Product Owner,2026-06-24
REQ-194,Enterprise Security & Compliance,Security,Role-Based Access Control - Phase 2,"Implement RBAC for module-level and field-level access (extended requirement, cycle 2)",Critical,High,21,Project Manager,Kafka,17,Done,None,All acceptance test scenarios pass with 100% success rate,High,v2.0,Delivery Manager,2026-06-25
REQ-195,Enterprise Security & Compliance,Security,JWT Authentication,Implement JWT-based authentication for all internal APIs,Low,High,13,UX Designer,Tableau,17,To Do,None,End-to-end scenario completes successfully across environments,Low,v2.0,Client Stakeholder,2026-06-26
REQ-196,Enterprise Security & Compliance,Security,Audit Trail Logging Enhancement,"Log all create/update/delete actions with user and timestamp (extended requirement, cycle 3)",High,Medium,8,Database Admin,Redis,17,In Progress,None,All acceptance test scenarios pass with 100% success rate,Medium,v2.0,Business Analyst,2026-06-27
REQ-197,Enterprise Security & Compliance,Security,Audit Trail Logging,Log all create/update/delete actions with user and timestamp,High,Medium,13,Python Developer,Apache Airflow,17,To Do,None,End-to-end scenario completes successfully across environments,Medium,v2.0,Project Manager,2026-06-28
REQ-198,Enterprise Security & Compliance,Security,JWT Authentication - Phase 2,"Implement JWT-based authentication for all internal APIs (extended requirement, cycle 2)",High,Medium,5,Security Analyst,Kafka,17,In Progress,REQ-196,End-to-end scenario completes successfully across environments,Low,v2.0,Solution Architect,2026-06-29
REQ-199,Enterprise Security & Compliance,Security,Vulnerability Scanning Pipeline,Integrate automated vulnerability scanning into CI/CD pipeline,Low,High,13,Senior Consultant,Salesforce API,17,In Progress,None,No P1/P2 defects open at the time of release,Low,v2.0,Product Owner,2026-06-30
REQ-200,Enterprise Security & Compliance,Security,Vulnerability Scanning Pipeline Enhancement,"Integrate automated vulnerability scanning into CI/CD pipeline (extended requirement, cycle 3)",High,Medium,5,Database Admin,AWS Lambda,17,To Do,REQ-197,All acceptance test scenarios pass with 100% success rate,Low,v2.0,Solution Architect,2026-06-30
REQ-201,Master Data Governance,Master Data,Product Master Data Model - Extended Scope,"Design canonical product master data model across systems (extended requirement, cycle 4)",Critical,Medium,13,UX Designer,Kubernetes,17,Done,None,All acceptance test scenarios pass with 100% success rate,Medium,v2.0,Business Analyst,2026-07-01
REQ-202,Master Data Governance,Master Data,Tax Master Data Configuration - Phase 2,"Configure region-wise tax master data and rules (extended requirement, cycle 2)",Critical,Medium,13,Database Admin,SAP ERP Connector,17,To Do,None,End-to-end scenario completes successfully across environments,Low,v2.0,Client Stakeholder,2026-07-02
REQ-203,Master Data Governance,Master Data,Unit of Measure Standardization Enhancement,"Standardize unit of measure across legacy and new systems (extended requirement, cycle 3)",Medium,Medium,5,BI Developer,Apache Airflow,17,In Progress,None,All acceptance test scenarios pass with 100% success rate,Medium,v2.0,Business Analyst,2026-07-02
REQ-204,Master Data Governance,Master Data,Tax Master Data Configuration,Configure region-wise tax master data and rules,High,High,13,Database Admin,FastAPI Security,17,In Progress,REQ-202,Feature works as specified with no critical defects in UAT,Low,v2.0,Delivery Manager,2026-07-02
REQ-205,Master Data Governance,Master Data,Pricing Master Data Sync - Phase 2,"Sync pricing master data from ERP to e-commerce platform (extended requirement, cycle 2)",Medium,Low,3,DevOps Engineer,SAP ERP Connector,18,Done,REQ-204,All acceptance test scenarios pass with 100% success rate,High,v2.0,Business Analyst,2026-07-03
REQ-206,Master Data Governance,Master Data,Master Data Stewardship Workflow Enhancement,"Implement approval workflow for master data change requests (extended requirement, cycle 3)",Low,Medium,5,QA Engineer,Kafka,18,In Progress,None,Audit log captures all required fields correctly,Medium,v2.0,Product Owner,2026-07-04
REQ-207,Master Data Governance,Master Data,Unit of Measure Standardization,Standardize unit of measure across legacy and new systems,Medium,Medium,13,Project Manager,Selenium,18,To Do,REQ-202,Data accuracy validated at 100% against source system,Medium,v2.0,Delivery Manager,2026-07-04
REQ-208,Master Data Governance,Master Data,Master Data Stewardship Workflow - Phase 2,"Implement approval workflow for master data change requests (extended requirement, cycle 2)",High,Low,3,Database Admin,MySQL,18,Blocked,REQ-207,End-to-end scenario completes successfully across environments,Medium,v2.0,Business Analyst,2026-07-05
REQ-209,Master Data Governance,Master Data,Product Master Data Model,Design canonical product master data model across systems,High,Medium,8,Integration Developer,MySQL,18,Done,REQ-204,Feature works as specified with no critical defects in UAT,Low,v2.0,Business Analyst,2026-07-06
REQ-210,Master Data Governance,Master Data,Tax Master Data Configuration Enhancement,"Configure region-wise tax master data and rules (extended requirement, cycle 3)",High,Medium,13,Integration Developer,Redis,18,In Progress,REQ-206,All acceptance test scenarios pass with 100% success rate,Medium,v2.0,Project Manager,2026-07-07
REQ-211,Master Data Governance,Master Data,Master Data Stewardship Workflow - Extended Scope,"Implement approval workflow for master data change requests (extended requirement, cycle 4)",Critical,Low,2,Integration Developer,FastAPI Security,18,In Progress,None,Feature is accessible and passes WCAG 2.1 AA checks,Medium,v2.0,Project Manager,2026-07-07
REQ-212,Master Data Governance,Master Data,Tax Master Data Configuration - Extended Scope,"Configure region-wise tax master data and rules (extended requirement, cycle 4)",High,Medium,5,Python Developer,Terraform,18,In Progress,None,All acceptance test scenarios pass with 100% success rate,Low,v2.0,Project Manager,2026-07-08
REQ-213,Master Data Governance,Master Data,Unit of Measure Standardization - Phase 2,"Standardize unit of measure across legacy and new systems (extended requirement, cycle 2)",Medium,Medium,5,Senior Consultant,FastAPI,18,Done,None,Feature works as specified with no critical defects in UAT,Medium,v2.0,Client Stakeholder,2026-07-10
REQ-214,Master Data Governance,Master Data,Vendor Master Data Setup Enhancement,"Establish vendor master data with approval workflow (extended requirement, cycle 3)",High,High,21,Business Analyst,Node.js,18,To Do,REQ-212,All acceptance test scenarios pass with 100% success rate,Low,v2.0,Solution Architect,2026-07-11
REQ-215,Master Data Governance,Master Data,Unit of Measure Standardization - Extended Scope,"Standardize unit of measure across legacy and new systems (extended requirement, cycle 4)",High,Medium,13,Database Admin,MySQL,18,Done,None,End-to-end scenario completes successfully across environments,Medium,v2.0,Delivery Manager,2026-07-11
REQ-216,Master Data Governance,Master Data,Vendor Master Data Setup,Establish vendor master data with approval workflow,High,Medium,5,DevOps Engineer,Power BI,18,Done,None,Feature works as specified with no critical defects in UAT,Low,v2.0,Delivery Manager,2026-07-11
REQ-217,Master Data Governance,Master Data,Pricing Master Data Sync - Extended Scope,"Sync pricing master data from ERP to e-commerce platform (extended requirement, cycle 4)",Critical,Medium,5,Business Analyst,Python,19,In Progress,REQ-214,Business sign-off obtained after UAT walkthrough,Medium,v2.0,Client Stakeholder,2026-07-12
REQ-218,Master Data Governance,Master Data,Product Master Data Model Enhancement,"Design canonical product master data model across systems (extended requirement, cycle 3)",Medium,Medium,5,Solution Architect,PostgreSQL,19,Backlog,REQ-216,Feature works as specified with no critical defects in UAT,Low,v2.0,Delivery Manager,2026-07-13
REQ-219,Master Data Governance,Master Data,Pricing Master Data Sync,Sync pricing master data from ERP to e-commerce platform,Medium,Medium,5,Solution Architect,Salesforce API,19,To Do,REQ-218,Feature passes security and access-control review,Low,v2.0,Product Owner,2026-07-13
REQ-220,Master Data Governance,Master Data,Vendor Master Data Setup - Extended Scope,"Establish vendor master data with approval workflow (extended requirement, cycle 4)",High,Medium,8,Integration Developer,PyTest,19,In Progress,None,Data accuracy validated at 100% against source system,Medium,v2.0,Delivery Manager,2026-07-13
REQ-221,Master Data Governance,Master Data,Pricing Master Data Sync Enhancement,"Sync pricing master data from ERP to e-commerce platform (extended requirement, cycle 3)",High,Medium,13,Python Developer,Jenkins,19,To Do,None,Business sign-off obtained after UAT walkthrough,Low,v2.0,Client Stakeholder,2026-07-13
REQ-222,Master Data Governance,Master Data,Master Data Stewardship Workflow,Implement approval workflow for master data change requests,High,High,21,Security Analyst,PostgreSQL,19,In Progress,None,Feature passes security and access-control review,High,v2.0,Product Owner,2026-07-15
REQ-223,Master Data Governance,Master Data,Product Master Data Model - Phase 2,"Design canonical product master data model across systems (extended requirement, cycle 2)",High,High,21,UX Designer,Apache Airflow,19,To Do,REQ-222,Response time remains under 2 seconds under expected load,Medium,v2.0,Delivery Manager,2026-07-17
REQ-224,Master Data Governance,Master Data,Vendor Master Data Setup - Phase 2,"Establish vendor master data with approval workflow (extended requirement, cycle 2)",Critical,Medium,5,QA Engineer,RabbitMQ,19,To Do,None,Business sign-off obtained after UAT walkthrough,Low,v2.0,Solution Architect,2026-07-18
REQ-225,Enterprise Integration Layer,Integrations,Webhook Event Publisher,Publish domain events via webhooks to downstream consumers,High,Low,2,Business Analyst,Stripe API,19,To Do,None,No P1/P2 defects open at the time of release,Low,v2.0,Product Owner,2026-07-19
REQ-226,Enterprise Integration Layer,Integrations,Message Queue Integration - Phase 2,"Integrate message queue for asynchronous inter-service communication (extended requirement, cycle 2)",Critical,Medium,5,Security Analyst,AWS Lambda,19,In Progress,None,All acceptance test scenarios pass with 100% success rate,Medium,v2.0,Business Analyst,2026-07-21
REQ-227,Enterprise Integration Layer,Integrations,Partner API Onboarding - Phase 2,"Onboard external partner systems via secured API contracts (extended requirement, cycle 2)",Critical,High,21,Business Analyst,Apache Airflow,19,To Do,None,Business sign-off obtained after UAT walkthrough,Medium,v2.0,Solution Architect,2026-07-22
REQ-228,Enterprise Integration Layer,Integrations,API Gateway Setup Enhancement,"Configure API gateway for centralized routing, auth, and logging (extended requirement, cycle 3)",Medium,Low,3,Product Owner,SAP ERP Connector,19,In Progress,REQ-225,Data accuracy validated at 100% against source system,Medium,v2.0,Delivery Manager,2026-07-22
REQ-229,Enterprise Integration Layer,Integrations,Partner API Onboarding Enhancement,"Onboard external partner systems via secured API contracts (extended requirement, cycle 3)",Critical,High,13,Business Analyst,PyTest,20,To Do,REQ-225,All acceptance test scenarios pass with 100% success rate,High,v2.0,Solution Architect,2026-07-22
REQ-230,Enterprise Integration Layer,Integrations,CRM Data Sync Enhancement,"Sync customer and lead data bidirectionally with CRM (extended requirement, cycle 3)",Low,Low,5,Security Analyst,Tableau,20,Done,REQ-226,All acceptance test scenarios pass with 100% success rate,Low,v2.0,Solution Architect,2026-07-24
REQ-231,Enterprise Integration Layer,Integrations,Legacy System Adapter - Phase 2,"Build adapter layer to interface with legacy mainframe system (extended requirement, cycle 2)",High,High,21,Python Developer,REST API,20,In Progress,REQ-228,End-to-end scenario completes successfully across environments,Medium,v2.0,Product Owner,2026-07-25
REQ-232,Enterprise Integration Layer,Integrations,API Gateway Setup,"Configure API gateway for centralized routing, auth, and logging",Low,Low,5,DevOps Engineer,Terraform,20,Backlog,REQ-227,Business sign-off obtained after UAT walkthrough,Medium,v2.0,Project Manager,2026-07-26
REQ-233,Enterprise Integration Layer,Integrations,Third-Party Marketplace Integration Enhancement,"Integrate with marketplace APIs for order and inventory sync (extended requirement, cycle 3)",High,Medium,13,Integration Developer,Terraform,20,Backlog,None,Feature works as specified with no critical defects in UAT,Medium,v2.0,Delivery Manager,2026-07-27
REQ-234,Enterprise Integration Layer,Integrations,Message Queue Integration,Integrate message queue for asynchronous inter-service communication,High,High,21,DevOps Engineer,Azure DevOps,20,To Do,REQ-231,Feature works as specified with no critical defects in UAT,Medium,v2.0,Product Owner,2026-07-27
REQ-235,Enterprise Integration Layer,Integrations,Webhook Event Publisher - Phase 2,"Publish domain events via webhooks to downstream consumers (extended requirement, cycle 2)",Medium,Medium,8,Integration Developer,Kubernetes,20,To Do,REQ-230,Data accuracy validated at 100% against source system,High,v2.0,Business Analyst,2026-07-27
REQ-236,Enterprise Integration Layer,Integrations,Third-Party Marketplace Integration,Integrate with marketplace APIs for order and inventory sync,Medium,High,21,Data Engineer,Python ETL,20,To Do,None,End-to-end scenario completes successfully across environments,Low,v2.0,Delivery Manager,2026-07-29
REQ-237,Enterprise Integration Layer,Integrations,Third-Party Marketplace Integration - Phase 2,"Integrate with marketplace APIs for order and inventory sync (extended requirement, cycle 2)",Critical,High,13,DevOps Engineer,PyTest,20,To Do,REQ-232,Audit log captures all required fields correctly,High,v2.0,Project Manager,2026-07-29
REQ-238,Enterprise Integration Layer,Integrations,Legacy System Adapter,Build adapter layer to interface with legacy mainframe system,High,Low,5,Security Analyst,FastAPI,20,To Do,REQ-234,Data accuracy validated at 100% against source system,Low,v2.0,Delivery Manager,2026-07-30
REQ-239,Enterprise Integration Layer,Integrations,Partner API Onboarding,Onboard external partner systems via secured API contracts,Critical,Low,5,Business Analyst,Power BI,20,To Do,None,All acceptance test scenarios pass with 100% success rate,High,v2.0,Solution Architect,2026-07-31
REQ-240,Enterprise Integration Layer,Integrations,CRM Data Sync - Phase 2,"Sync customer and lead data bidirectionally with CRM (extended requirement, cycle 2)",Medium,Medium,8,Business Analyst,OAuth2/SAML,20,To Do,REQ-239,No P1/P2 defects open at the time of release,Medium,v2.0,Project Manager,2026-08-02
REQ-241,Enterprise Integration Layer,Integrations,Legacy System Adapter Enhancement,"Build adapter layer to interface with legacy mainframe system (extended requirement, cycle 3)",Medium,Low,5,Product Owner,Python ETL,21,In Progress,None,Feature passes security and access-control review,Medium,v2.0,Client Stakeholder,2026-08-04
REQ-242,Enterprise Integration Layer,Integrations,CRM Data Sync,Sync customer and lead data bidirectionally with CRM,High,High,13,Business Analyst,Azure DevOps,21,To Do,REQ-240,Data accuracy validated at 100% against source system,High,v2.0,Delivery Manager,2026-08-04
REQ-243,Enterprise Integration Layer,Integrations,Message Queue Integration Enhancement,"Integrate message queue for asynchronous inter-service communication (extended requirement, cycle 3)",High,Low,3,Data Engineer,OAuth2/SAML,21,To Do,REQ-239,End-to-end scenario completes successfully across environments,Medium,v2.0,Business Analyst,2026-08-04
REQ-244,Enterprise Integration Layer,Integrations,ERP Integration Middleware - Phase 2,"Build middleware layer to integrate ERP with digital platform (extended requirement, cycle 2)",High,High,13,Python Developer,REST API,21,Backlog,REQ-242,Response time remains under 2 seconds under expected load,Medium,v2.0,Project Manager,2026-08-05
REQ-245,Enterprise Integration Layer,Integrations,ERP Integration Middleware,Build middleware layer to integrate ERP with digital platform,High,Low,3,Integration Developer,Kubernetes,21,In Progress,REQ-240,Feature works as specified with no critical defects in UAT,Low,v2.0,Business Analyst,2026-08-05
REQ-246,Enterprise Integration Layer,Integrations,API Gateway Setup - Phase 2,"Configure API gateway for centralized routing, auth, and logging (extended requirement, cycle 2)",High,High,13,UX Designer,MySQL,21,To Do,None,End-to-end scenario completes successfully across environments,Medium,v2.0,Business Analyst,2026-08-06
REQ-247,Enterprise Integration Layer,Integrations,ERP Integration Middleware Enhancement,"Build middleware layer to integrate ERP with digital platform (extended requirement, cycle 3)",Medium,Medium,13,Business Analyst,Elasticsearch,21,In Progress,REQ-246,End-to-end scenario completes successfully across environments,Low,v2.0,Business Analyst,2026-08-08
REQ-248,Enterprise Integration Layer,Integrations,Webhook Event Publisher Enhancement,"Publish domain events via webhooks to downstream consumers (extended requirement, cycle 3)",High,Medium,5,Senior Consultant,PostgreSQL,21,In Progress,REQ-246,No P1/P2 defects open at the time of release,Medium,v2.0,Delivery Manager,2026-08-08
REQ-249,Legacy Data Migration,Data Migration,Migrate Legacy Customers - Extended Scope,"Migrate customer master data from legacy database (extended requirement, cycle 4)",High,Medium,13,Security Analyst,PyTest,21,To Do,None,Response time remains under 2 seconds under expected load,Low,v2.0,Product Owner,2026-08-08
REQ-250,Legacy Data Migration,Data Migration,Archive Legacy Transactional Data - Phase 2,"Archive cold transactional data to long-term storage (extended requirement, cycle 2)",High,Low,3,Security Analyst,SendGrid API,21,To Do,REQ-249,All acceptance test scenarios pass with 100% success rate,High,v2.0,Solution Architect,2026-08-09
REQ-251,Legacy Data Migration,Data Migration,Archive Legacy Transactional Data Enhancement,"Archive cold transactional data to long-term storage (extended requirement, cycle 3)",High,Medium,8,Security Analyst,Salesforce API,21,In Progress,None,Feature is accessible and passes WCAG 2.1 AA checks,Low,v2.0,Solution Architect,2026-08-09
REQ-252,Legacy Data Migration,Data Migration,Migrate Historical Orders - Phase 2,"Migrate five years of historical order data (extended requirement, cycle 2)",Critical,Medium,13,BI Developer,Kubernetes,21,To Do,REQ-250,Audit log captures all required fields correctly,Medium,v2.0,Project Manager,2026-08-11
REQ-253,Legacy Data Migration,Data Migration,Data Cleansing & Standardization - Extended Scope,"Cleanse and standardize legacy data prior to migration (extended requirement, cycle 4)",Low,Medium,5,BI Developer,Python,22,To Do,None,Feature is accessible and passes WCAG 2.1 AA checks,Medium,v2.0,Delivery Manager,2026-08-11
REQ-254,Legacy Data Migration,Data Migration,Data Cleansing & Standardization,Cleanse and standardize legacy data prior to migration,Low,Medium,5,QA Engineer,PyTest,22,Backlog,REQ-250,All acceptance test scenarios pass with 100% success rate,Low,v2.0,Project Manager,2026-08-13
REQ-255,Legacy Data Migration,Data Migration,Migrate Historical Orders - Extended Scope,"Migrate five years of historical order data (extended requirement, cycle 4)",High,High,13,Senior Consultant,REST API,22,Backlog,REQ-250,End-to-end scenario completes successfully across environments,Medium,v2.0,Delivery Manager,2026-08-15
REQ-256,Legacy Data Migration,Data Migration,Migrate Legacy Customers,Migrate customer master data from legacy database,Medium,High,13,BI Developer,FastAPI Security,22,To Do,None,Feature is accessible and passes WCAG 2.1 AA checks,Low,v2.0,Delivery Manager,2026-08-15
REQ-257,Legacy Data Migration,Data Migration,Migrate Product Catalog Enhancement,"Migrate product catalog and pricing from legacy PIM (extended requirement, cycle 3)",Medium,Low,3,Product Owner,React,22,To Do,None,Business sign-off obtained after UAT walkthrough,High,v2.0,Solution Architect,2026-08-16
REQ-258,Legacy Data Migration,Data Migration,Migrate Historical Orders,Migrate five years of historical order data,Critical,Medium,5,DevOps Engineer,GraphQL,22,Done,REQ-255,Data accuracy validated at 100% against source system,Low,v2.0,Solution Architect,2026-08-17
REQ-259,Legacy Data Migration,Data Migration,Data Cleansing & Standardization Enhancement,"Cleanse and standardize legacy data prior to migration (extended requirement, cycle 3)",Critical,High,21,Project Manager,Kafka,22,Backlog,REQ-256,All acceptance test scenarios pass with 100% success rate,High,v2.0,Client Stakeholder,2026-08-18
REQ-260,Legacy Data Migration,Data Migration,Archive Legacy Transactional Data,Archive cold transactional data to long-term storage,Medium,Medium,13,BI Developer,Apache Airflow,22,To Do,None,Business sign-off obtained after UAT walkthrough,Low,v2.0,Product Owner,2026-08-19
REQ-261,Legacy Data Migration,Data Migration,Data Cleansing & Standardization - Phase 2,"Cleanse and standardize legacy data prior to migration (extended requirement, cycle 2)",Medium,Medium,5,Senior Consultant,AWS Lambda,22,To Do,REQ-260,Response time remains under 2 seconds under expected load,Medium,v2.0,Project Manager,2026-08-19
REQ-262,Legacy Data Migration,Data Migration,Migrate Legacy Customers Enhancement,"Migrate customer master data from legacy database (extended requirement, cycle 3)",Critical,High,13,Product Owner,PostgreSQL,22,Backlog,None,Feature works as specified with no critical defects in UAT,Low,v2.0,Project Manager,2026-08-20
REQ-263,Legacy Data Migration,Data Migration,Migration Reconciliation Report - Extended Scope,"Validate migrated record counts against source system (extended requirement, cycle 4)",High,Medium,8,Database Admin,Power BI,22,To Do,REQ-261,End-to-end scenario completes successfully across environments,Medium,v2.0,Product Owner,2026-08-22
REQ-264,Legacy Data Migration,Data Migration,Migration Reconciliation Report - Phase 2,"Validate migrated record counts against source system (extended requirement, cycle 2)",Medium,Medium,8,UX Designer,Apache Airflow,22,In Progress,None,Feature works as specified with no critical defects in UAT,Low,v2.0,Project Manager,2026-08-22
REQ-265,Legacy Data Migration,Data Migration,Migration Reconciliation Report,Validate migrated record counts against source system,Low,Medium,13,QA Engineer,Kafka,23,Backlog,None,Feature works as specified with no critical defects in UAT,Medium,v2.0,Delivery Manager,2026-08-22
REQ-266,Legacy Data Migration,Data Migration,Migrate Product Catalog - Phase 2,"Migrate product catalog and pricing from legacy PIM (extended requirement, cycle 2)",High,Low,2,DevOps Engineer,FastAPI,23,To Do,None,Feature passes security and access-control review,Low,v2.0,Delivery Manager,2026-08-23
REQ-267,Legacy Data Migration,Data Migration,Migrate Historical Orders Enhancement,"Migrate five years of historical order data (extended requirement, cycle 3)",High,Medium,8,Security Analyst,Docker,23,To Do,REQ-262,Audit log captures all required fields correctly,Low,v2.0,Solution Architect,2026-08-23
REQ-268,Legacy Data Migration,Data Migration,Archive Legacy Transactional Data - Extended Scope,"Archive cold transactional data to long-term storage (extended requirement, cycle 4)",High,Medium,8,Solution Architect,RabbitMQ,23,In Progress,None,No P1/P2 defects open at the time of release,Low,v2.0,Business Analyst,2026-08-24
REQ-269,Legacy Data Migration,Data Migration,Migrate Product Catalog,Migrate product catalog and pricing from legacy PIM,Low,Medium,13,Database Admin,AWS Lambda,23,Backlog,None,Data accuracy validated at 100% against source system,Low,v2.0,Delivery Manager,2026-08-26
REQ-270,Legacy Data Migration,Data Migration,Migration Reconciliation Report Enhancement,"Validate migrated record counts against source system (extended requirement, cycle 3)",High,Medium,5,UX Designer,Django REST,23,Backlog,REQ-265,Feature passes security and access-control review,Medium,v2.0,Solution Architect,2026-08-28
REQ-271,Legacy Data Migration,Data Migration,Migrate Legacy Customers - Phase 2,"Migrate customer master data from legacy database (extended requirement, cycle 2)",Medium,Medium,5,Data Engineer,Kubernetes,23,Backlog,None,No P1/P2 defects open at the time of release,Medium,v2.0,Client Stakeholder,2026-08-30
REQ-272,Legacy Data Migration,Data Migration,Migrate Product Catalog - Extended Scope,"Migrate product catalog and pricing from legacy PIM (extended requirement, cycle 4)",High,Low,5,Solution Architect,Python ETL,23,To Do,None,Response time remains under 2 seconds under expected load,Low,v2.0,Project Manager,2026-09-01
REQ-273,Platform Engineering & DevOps,DevOps,Infrastructure as Code - Phase 2,"Provision cloud infrastructure using Terraform (extended requirement, cycle 2)",Medium,Low,5,Data Engineer,Apache Airflow,23,To Do,None,Feature passes security and access-control review,Low,v2.0,Product Owner,2026-09-02
REQ-274,Platform Engineering & DevOps,DevOps,Blue-Green Deployment Strategy Enhancement,"Implement blue-green deployment for zero-downtime releases (extended requirement, cycle 3)",High,Medium,8,Product Owner,Power BI,23,To Do,None,Feature is accessible and passes WCAG 2.1 AA checks,Medium,v2.0,Client Stakeholder,2026-09-03
REQ-275,Platform Engineering & DevOps,DevOps,Disaster Recovery Setup - Phase 2,"Configure disaster recovery and backup strategy for production (extended requirement, cycle 2)",Low,Medium,13,BI Developer,AWS Lambda,23,Backlog,REQ-274,Response time remains under 2 seconds under expected load,Medium,v2.0,Product Owner,2026-09-03
REQ-276,Platform Engineering & DevOps,DevOps,Monitoring & Alerting Stack Enhancement,"Implement centralized monitoring and alerting for all services (extended requirement, cycle 3)",High,High,13,Security Analyst,Jenkins,23,To Do,REQ-274,End-to-end scenario completes successfully across environments,Medium,v2.0,Product Owner,2026-09-03
REQ-277,Platform Engineering & DevOps,DevOps,CI/CD Pipeline Setup Enhancement,"Set up CI/CD pipeline for automated build, test, and deploy (extended requirement, cycle 3)",Medium,Low,2,Security Analyst,Apache Airflow,24,To Do,None,Business sign-off obtained after UAT walkthrough,Low,v2.0,Project Manager,2026-09-04
REQ-278,Platform Engineering & DevOps,DevOps,Disaster Recovery Setup,Configure disaster recovery and backup strategy for production,Critical,Medium,13,Data Engineer,FastAPI,24,Done,REQ-274,Data accuracy validated at 100% against source system,High,v2.0,Delivery Manager,2026-09-04
REQ-279,Platform Engineering & DevOps,DevOps,Container Orchestration Setup - Phase 2,"Set up Kubernetes cluster for microservices deployment (extended requirement, cycle 2)",Medium,Medium,5,Senior Consultant,REST API,24,In Progress,REQ-276,Response time remains under 2 seconds under expected load,Medium,v2.0,Solution Architect,2026-09-05
REQ-280,Platform Engineering & DevOps,DevOps,Infrastructure as Code Enhancement,"Provision cloud infrastructure using Terraform (extended requirement, cycle 3)",Medium,Medium,8,BI Developer,Tableau,24,To Do,REQ-278,End-to-end scenario completes successfully across environments,Low,v2.0,Project Manager,2026-09-05
REQ-281,Platform Engineering & DevOps,DevOps,Blue-Green Deployment Strategy,Implement blue-green deployment for zero-downtime releases,High,High,13,QA Engineer,Django REST,24,To Do,None,All acceptance test scenarios pass with 100% success rate,Medium,v2.0,Product Owner,2026-09-05
REQ-282,Platform Engineering & DevOps,DevOps,Log Aggregation Pipeline Enhancement,"Centralize application logs using ELK/observability stack (extended requirement, cycle 3)",High,Medium,13,DevOps Engineer,PostgreSQL,24,To Do,REQ-277,All acceptance test scenarios pass with 100% success rate,Medium,v2.0,Business Analyst,2026-09-06
REQ-283,Platform Engineering & DevOps,DevOps,Monitoring & Alerting Stack - Phase 2,"Implement centralized monitoring and alerting for all services (extended requirement, cycle 2)",High,Low,3,Security Analyst,FastAPI Security,24,To Do,None,Feature works as specified with no critical defects in UAT,Low,v2.0,Client Stakeholder,2026-09-08
REQ-284,Platform Engineering & DevOps,DevOps,Monitoring & Alerting Stack,Implement centralized monitoring and alerting for all services,High,Medium,5,BI Developer,Stripe API,24,In Progress,None,All acceptance test scenarios pass with 100% success rate,Medium,v2.0,Delivery Manager,2026-09-09
REQ-285,Platform Engineering & DevOps,DevOps,Container Orchestration Setup Enhancement,"Set up Kubernetes cluster for microservices deployment (extended requirement, cycle 3)",Critical,Low,3,Product Owner,PyTest,24,In Progress,REQ-281,Feature passes security and access-control review,Medium,v2.0,Project Manager,2026-09-10
REQ-286,Platform Engineering & DevOps,DevOps,Secrets Management Enhancement,"Implement centralized secrets management for services (extended requirement, cycle 3)",High,Low,5,Senior Consultant,Power BI,24,In Progress,REQ-285,No P1/P2 defects open at the time of release,High,v2.0,Client Stakeholder,2026-09-10
REQ-287,Platform Engineering & DevOps,DevOps,Secrets Management - Phase 2,"Implement centralized secrets management for services (extended requirement, cycle 2)",Medium,Low,3,Database Admin,Kubernetes,24,To Do,REQ-283,Feature passes security and access-control review,Medium,v2.0,Solution Architect,2026-09-10
REQ-288,Platform Engineering & DevOps,DevOps,Container Orchestration Setup,Set up Kubernetes cluster for microservices deployment,Low,Medium,13,Data Engineer,Elasticsearch,24,Done,REQ-284,Feature works as specified with no critical defects in UAT,Medium,v2.0,Business Analyst,2026-09-11
REQ-289,Platform Engineering & DevOps,DevOps,CI/CD Pipeline Setup,"Set up CI/CD pipeline for automated build, test, and deploy",High,Medium,13,Project Manager,Apache Airflow,25,In Progress,REQ-287,Response time remains under 2 seconds under expected load,Medium,v2.0,Solution Architect,2026-09-12
REQ-290,Platform Engineering & DevOps,DevOps,Secrets Management,Implement centralized secrets management for services,Medium,Medium,8,Integration Developer,Redis,25,In Progress,None,All acceptance test scenarios pass with 100% success rate,Medium,v2.0,Product Owner,2026-09-12
REQ-291,Platform Engineering & DevOps,DevOps,Infrastructure as Code,Provision cloud infrastructure using Terraform,Critical,High,21,Integration Developer,SAP ERP Connector,25,To Do,None,End-to-end scenario completes successfully across environments,Low,v2.0,Project Manager,2026-09-12
REQ-292,Platform Engineering & DevOps,DevOps,Log Aggregation Pipeline - Phase 2,"Centralize application logs using ELK/observability stack (extended requirement, cycle 2)",High,Medium,8,Security Analyst,Python,25,Done,None,End-to-end scenario completes successfully across environments,Low,v2.0,Client Stakeholder,2026-09-14
REQ-293,Platform Engineering & DevOps,DevOps,Blue-Green Deployment Strategy - Phase 2,"Implement blue-green deployment for zero-downtime releases (extended requirement, cycle 2)",Medium,Medium,13,QA Engineer,Jenkins,25,In Progress,None,Feature is accessible and passes WCAG 2.1 AA checks,Medium,v2.0,Client Stakeholder,2026-09-14
REQ-294,Platform Engineering & DevOps,DevOps,Disaster Recovery Setup Enhancement,"Configure disaster recovery and backup strategy for production (extended requirement, cycle 3)",High,Medium,13,BI Developer,FastAPI Security,25,In Progress,None,Feature is accessible and passes WCAG 2.1 AA checks,High,v2.0,Delivery Manager,2026-09-14
REQ-295,Platform Engineering & DevOps,DevOps,Log Aggregation Pipeline,Centralize application logs using ELK/observability stack,High,Medium,8,Product Owner,OAuth2/SAML,25,In Progress,None,End-to-end scenario completes successfully across environments,Low,v2.0,Project Manager,2026-09-14
REQ-296,Platform Engineering & DevOps,DevOps,CI/CD Pipeline Setup - Phase 2,"Set up CI/CD pipeline for automated build, test, and deploy (extended requirement, cycle 2)",High,Medium,8,BI Developer,Terraform,25,To Do,None,Feature is accessible and passes WCAG 2.1 AA checks,Low,v2.0,Project Manager,2026-09-15
REQ-297,Quality Engineering,Testing,UAT Test Case Preparation - Phase 2,"Prepare and execute UAT test cases with business users (extended requirement, cycle 2)",High,High,13,Senior Consultant,GraphQL,25,Done,None,Audit log captures all required fields correctly,Medium,v2.0,Delivery Manager,2026-09-15
REQ-298,Quality Engineering,Testing,Regression Test Suite - Phase 2,"Automate regression testing for core APIs (extended requirement, cycle 2)",Medium,High,21,Solution Architect,Selenium,25,To Do,REQ-297,End-to-end scenario completes successfully across environments,Medium,v2.0,Project Manager,2026-09-16
REQ-299,Quality Engineering,Testing,End-to-End Test Automation - Phase 2,"Automate end-to-end test scenarios across order lifecycle (extended requirement, cycle 2)",High,High,21,UX Designer,Node.js,25,To Do,REQ-298,All acceptance test scenarios pass with 100% success rate,Medium,v2.0,Business Analyst,2026-09-17
REQ-300,Quality Engineering,Testing,API Contract Testing,Implement contract tests between microservices,Medium,High,21,Solution Architect,Node.js,25,To Do,None,Response time remains under 2 seconds under expected load,Medium,v2.0,Business Analyst,2026-09-18
REQ-301,Quality Engineering,Testing,Performance & Load Testing Enhancement,"Conduct load testing to validate system under peak traffic (extended requirement, cycle 3)",Critical,Medium,5,Senior Consultant,GraphQL,26,In Progress,REQ-297,End-to-end scenario completes successfully across environments,Low,v2.0,Product Owner,2026-09-19
REQ-302,Quality Engineering,Testing,Test Data Management - Phase 2,"Set up masked, reusable test data sets across environments (extended requirement, cycle 2)",High,Medium,13,Business Analyst,SendGrid API,26,To Do,REQ-301,Feature works as specified with no critical defects in UAT,Low,v2.0,Client Stakeholder,2026-09-20
REQ-303,Quality Engineering,Testing,End-to-End Test Automation,Automate end-to-end test scenarios across order lifecycle,Low,High,13,UX Designer,Python ETL,26,To Do,None,All acceptance test scenarios pass with 100% success rate,Medium,v2.0,Product Owner,2026-09-21
REQ-304,Quality Engineering,Testing,API Contract Testing Enhancement,"Implement contract tests between microservices (extended requirement, cycle 3)",High,Medium,13,UX Designer,Terraform,26,To Do,REQ-302,Feature passes security and access-control review,Low,v2.0,Solution Architect,2026-09-23
REQ-305,Quality Engineering,Testing,Accessibility Testing - Phase 2,"Test customer portal for WCAG 2.1 accessibility compliance (extended requirement, cycle 2)",Medium,High,21,Product Owner,Azure DevOps,26,In Progress,None,Data accuracy validated at 100% against source system,Medium,v2.0,Delivery Manager,2026-09-24
REQ-306,Quality Engineering,Testing,End-to-End Test Automation Enhancement,"Automate end-to-end test scenarios across order lifecycle (extended requirement, cycle 3)",Medium,High,13,UX Designer,Python ETL,26,To Do,None,End-to-end scenario completes successfully across environments,Medium,v2.0,Client Stakeholder,2026-09-26
REQ-307,Quality Engineering,Testing,Test Data Management,"Set up masked, reusable test data sets across environments",High,Medium,13,UX Designer,Redis,26,Backlog,REQ-302,Feature passes security and access-control review,Medium,v2.0,Delivery Manager,2026-09-28
REQ-308,Quality Engineering,Testing,Performance & Load Testing - Phase 2,"Conduct load testing to validate system under peak traffic (extended requirement, cycle 2)",Critical,Medium,5,Database Admin,PostgreSQL,26,To Do,REQ-303,Feature passes security and access-control review,Low,v2.0,Product Owner,2026-09-29
REQ-309,Quality Engineering,Testing,Security Penetration Testing - Phase 2,"Conduct penetration testing on customer-facing applications (extended requirement, cycle 2)",High,Medium,8,Product Owner,SAP ERP Connector,26,Backlog,None,Audit log captures all required fields correctly,Low,v2.0,Client Stakeholder,2026-10-01
REQ-310,Quality Engineering,Testing,API Contract Testing - Phase 2,"Implement contract tests between microservices (extended requirement, cycle 2)",High,Medium,13,Project Manager,PostgreSQL,26,Backlog,None,Business sign-off obtained after UAT walkthrough,High,v2.0,Project Manager,2026-10-02
REQ-311,Quality Engineering,Testing,Regression Test Suite Enhancement,"Automate regression testing for core APIs (extended requirement, cycle 3)",Low,Low,5,Project Manager,PyTest,26,Backlog,None,Data accuracy validated at 100% against source system,Medium,v2.0,Project Manager,2026-10-03
REQ-312,Quality Engineering,Testing,Accessibility Testing,Test customer portal for WCAG 2.1 accessibility compliance,Medium,Medium,13,QA Engineer,PyTest,26,In Progress,REQ-311,All acceptance test scenarios pass with 100% success rate,Low,v2.0,Product Owner,2026-10-03
REQ-313,Quality Engineering,Testing,UAT Test Case Preparation Enhancement,"Prepare and execute UAT test cases with business users (extended requirement, cycle 3)",High,Medium,13,Project Manager,Tableau,27,To Do,None,Feature works as specified with no critical defects in UAT,Low,v2.0,Solution Architect,2026-10-03
REQ-314,Quality Engineering,Testing,Security Penetration Testing Enhancement,"Conduct penetration testing on customer-facing applications (extended requirement, cycle 3)",Critical,High,13,Integration Developer,AWS Lambda,27,To Do,None,Audit log captures all required fields correctly,Medium,v2.0,Delivery Manager,2026-10-04
REQ-315,Quality Engineering,Testing,Regression Test Suite,Automate regression testing for core APIs,High,High,13,Integration Developer,OAuth2/SAML,27,In Progress,REQ-311,Business sign-off obtained after UAT walkthrough,Medium,v2.0,Delivery Manager,2026-10-05
REQ-316,Quality Engineering,Testing,UAT Test Case Preparation,Prepare and execute UAT test cases with business users,High,Medium,13,Solution Architect,Twilio API,27,In Progress,REQ-312,Feature works as specified with no critical defects in UAT,High,v2.0,Client Stakeholder,2026-10-07
REQ-317,Quality Engineering,Testing,Accessibility Testing Enhancement,"Test customer portal for WCAG 2.1 accessibility compliance (extended requirement, cycle 3)",Low,Low,2,Database Admin,Azure DevOps,27,In Progress,None,Business sign-off obtained after UAT walkthrough,Medium,v2.0,Business Analyst,2026-10-07
REQ-318,Quality Engineering,Testing,Security Penetration Testing,Conduct penetration testing on customer-facing applications,Low,High,21,Solution Architect,SAP ERP Connector,27,To Do,REQ-313,Data accuracy validated at 100% against source system,Medium,v2.0,Solution Architect,2026-10-07
REQ-319,Quality Engineering,Testing,Performance & Load Testing,Conduct load testing to validate system under peak traffic,Low,High,13,Database Admin,MySQL,27,Backlog,REQ-314,Data accuracy validated at 100% against source system,Low,v2.0,Client Stakeholder,2026-10-07
REQ-320,Quality Engineering,Testing,Test Data Management Enhancement,"Set up masked, reusable test data sets across environments (extended requirement, cycle 3)",High,High,21,Database Admin,MySQL,27,To Do,REQ-315,Feature works as specified with no critical defects in UAT,Medium,v2.0,Product Owner,2026-10-07
